id,price
GGLZ,557483.5
GGMM,557483.5
GGMN,557483.5
GGMO,557483.5
GGMP,557483.5
GGMQ,557483.5
GGMR,557483.5
GGMS,557483.5
GGMT,557483.5
GGMU,557483.5
GGMV,557483.5
GGMW,557483.5
GGMX,557483.5
GGMY,557483.5
GGMZ,557483.5
GGNN,557483.5
GGNO,557483.5
GGNP,557483.5
GGNQ,557483.5
GGNR,557483.5
GGNS,557483.5
GGNT,557483.5
GGNU,557483.5
GGNV,557483.5
GGNW,557483.5
GGNX,557483.5
GGNY,557483.5
GGNZ,557483.5
GGOO,557483.5
GGOP,557483.5
GGOQ,557483.5
GGOR,557483.5
GGOS,557483.5
GGOT,557483.5
GGOU,557483.5
GGOV,557483.5
GGOW,557483.5
GGOX,557483.5
GGOY,557483.5
GGOZ,557483.5
GGPP,557483.5
GGPQ,557483.5
GGPR,557483.5
GGPS,557483.5
GGPT,557483.5
GGPU,557483.5
GGPV,557483.5
GGPW,557483.5
GGPX,557483.5
GGPY,557483.5
GGPZ,557483.5
GGQQ,557483.5
GGQR,557483.5
GGQS,557483.5
GGQT,557483.5
GGQU,557483.5
GGQV,557483.5
GGQW,557483.5
GGQX,557483.5
GGQY,557483.5
GGQZ,557483.5
GGRR,557483.5
GGRS,557483.5
GGRT,557483.5
GGRU,557483.5
GGRV,557483.5
GGRW,557483.5
GGRX,557483.5
GGRY,557483.5
GGRZ,557483.5
GGSS,557483.5
GGST,557483.5
GGSU,557483.5
GGSV,557483.5
GGSW,557483.5
GGSX,557483.5
GGSY,557483.5
GGSZ,557483.5
GGTT,557483.5
GGTU,557483.5
GGTV,557483.5
GGTW,557483.5
GGTX,557483.5
GGTY,557483.5
GGTZ,557483.5
GGUU,557483.5
GGUV,557483.5
GGUW,557483.5
GGUX,557483.5
GGUY,557483.5
GGUZ,557483.5
GGVV,557483.5
GGVW,557483.5
GGVX,557483.5
GGVY,557483.5
GGVZ,557483.5
GGWW,557483.5
GGWX,557483.5
GGWY,557483.5
GGWZ,557483.5
GGXX,557483.5
GGXY,557483.5
GGXZ,557483.5
GGYY,557483.5
GGYZ,557483.5
GGZZ,557483.5
GHHH,557483.5
GHHI,557483.5
GHHJ,557483.5
GHHK,557483.5
GHHL,557483.5
GHHM,557483.5
GHHN,557483.5
GHHO,557483.5
GHHP,557483.5
GHHQ,557483.5
GHHR,557483.5
GHHS,557483.5
GHHT,557483.5
GHHU,557483.5
GHHV,557483.5
GHHW,557483.5
GHHX,557483.5
GHHY,557483.5
GHHZ,557483.5
GHII,557483.5
GHIJ,557483.5
GHIK,557483.5
GHIL,557483.5
GHIM,557483.5
GHIN,557483.5
GHIO,557483.5
GHIP,557483.5
GHIQ,557483.5
GHIR,557483.5
GHIS,557483.5
GHIT,557483.5
GHIU,557483.5
GHIV,557483.5
GHIW,557483.5
GHIX,557483.5
GHIY,557483.5
GHIZ,557483.5
GHJJ,557483.5
GHJK,557483.5
GHJL,557483.5
GHJM,557483.5
GHJN,557483.5
GHJO,557483.5
GHJP,557483.5
GHJQ,557483.5
GHJR,557483.5
GHJS,557483.5
GHJT,557483.5
GHJU,557483.5
GHJV,557483.5
GHJW,557483.5
GHJX,557483.5
GHJY,557483.5
GHJZ,557483.5
GHKK,557483.5
GHKL,557483.5
GHKM,557483.5
GHKN,557483.5
GHKO,557483.5
GHKP,557483.5
GHKQ,557483.5
GHKR,557483.5
GHKS,557483.5
GHKT,557483.5
GHKU,557483.5
GHKV,557483.5
GHKW,557483.5
GHKX,557483.5
GHKY,557483.5
GHKZ,557483.5
GHLL,557483.5
GHLM,557483.5
GHLN,557483.5
GHLO,557483.5
GHLP,557483.5
GHLQ,557483.5
GHLR,557483.5
GHLS,557483.5
GHLT,557483.5
GHLU,557483.5
GHLV,557483.5
GHLW,557483.5
GHLX,557483.5
GHLY,557483.5
GHLZ,557483.5
GHMM,557483.5
GHMN,557483.5
GHMO,557483.5
GHMP,557483.5
GHMQ,557483.5
GHMR,557483.5
GHMS,557483.5
GHMT,557483.5
GHMU,557483.5
GHMV,557483.5
GHMW,557483.5
GHMX,557483.5
GHMY,557483.5
GHMZ,557483.5
GHNN,557483.5
GHNO,557483.5
GHNP,557483.5
GHNQ,557483.5
GHNR,557483.5
GHNS,557483.5
GHNT,557483.5
GHNU,557483.5
GHNV,557483.5
GHNW,557483.5
GHNX,557483.5
GHNY,557483.5
GHNZ,557483.5
GHOO,557483.5
GHOP,557483.5
GHOQ,557483.5
GHOR,557483.5
GHOS,557483.5
GHOT,557483.5
GHOU,557483.5
GHOV,557483.5
GHOW,557483.5
GHOX,557483.5
GHOY,557483.5
GHOZ,557483.5
GHPP,557483.5
GHPQ,557483.5
GHPR,557483.5
GHPS,557483.5
GHPT,557483.5
GHPU,557483.5
GHPV,557483.5
GHPW,557483.5
GHPX,557483.5
GHPY,557483.5
GHPZ,557483.5
GHQQ,557483.5
GHQR,557483.5
GHQS,557483.5
GHQT,557483.5
GHQU,557483.5
GHQV,557483.5
GHQW,557483.5
GHQX,557483.5
GHQY,557483.5
GHQZ,557483.5
GHRR,557483.5
GHRS,557483.5
GHRT,557483.5
GHRU,557483.5
GHRV,557483.5
GHRW,557483.5
GHRX,557483.5
GHRY,557483.5
GHRZ,557483.5
GHSS,557483.5
GHST,557483.5
GHSU,557483.5
GHSV,557483.5
GHSW,557483.5
GHSX,557483.5
GHSY,557483.5
GHSZ,557483.5
GHTT,557483.5
GHTU,557483.5
GHTV,557483.5
GHTW,557483.5
GHTX,557483.5
GHTY,557483.5
GHTZ,557483.5
GHUU,557483.5
GHUV,557483.5
GHUW,557483.5
GHUX,557483.5
GHUY,557483.5
GHUZ,557483.5
GHVV,557483.5
GHVW,557483.5
GHVX,557483.5
GHVY,557483.5
GHVZ,557483.5
GHWW,557483.5
GHWX,557483.5
GHWY,557483.5
GHWZ,557483.5
GHXX,557483.5
GHXY,557483.5
GHXZ,557483.5
GHYY,557483.5
GHYZ,557483.5
GHZZ,557483.5
GIII,557483.5
GIIJ,557483.5
GIIK,557483.5
GIIL,557483.5
GIIM,557483.5
GIIN,557483.5
GIIO,557483.5
GIIP,557483.5
GIIQ,557483.5
GIIR,557483.5
GIIS,557483.5
GIIT,557483.5
GIIU,557483.5
GIIV,557483.5
GIIW,557483.5
GIIX,557483.5
GIIY,557483.5
GIIZ,557483.5
GIJJ,557483.5
GIJK,557483.5
GIJL,557483.5
GIJM,557483.5
GIJN,557483.5
GIJO,557483.5
GIJP,557483.5
GIJQ,557483.5
GIJR,557483.5
GIJS,557483.5
GIJT,557483.5
GIJU,557483.5
GIJV,557483.5
GIJW,557483.5
GIJX,557483.5
GIJY,557483.5
GIJZ,557483.5
GIKK,557483.5
GIKL,557483.5
GIKM,557483.5
GIKN,557483.5
GIKO,557483.5
GIKP,557483.5
GIKQ,557483.5
GIKR,557483.5
GIKS,557483.5
GIKT,557483.5
GIKU,557483.5
GIKV,557483.5
GIKW,557483.5
GIKX,557483.5
GIKY,557483.5
GIKZ,557483.5
GILL,557483.5
GILM,557483.5
GILN,557483.5
GILO,557483.5
GILP,557483.5
GILQ,557483.5
GILR,557483.5
GILS,557483.5
GILT,557483.5
GILU,557483.5
GILV,557483.5
GILW,557483.5
GILX,557483.5
GILY,557483.5
GILZ,557483.5
GIMM,557483.5
GIMN,557483.5
GIMO,557483.5
GIMP,557483.5
GIMQ,557483.5
GIMR,557483.5
GIMS,557483.5
GIMT,557483.5
GIMU,557483.5
GIMV,557483.5
GIMW,557483.5
GIMX,557483.5
GIMY,557483.5
GIMZ,557483.5
GINN,557483.5
GINO,557483.5
GINP,557483.5
GINQ,557483.5
GINR,557483.5
GINS,557483.5
GINT,557483.5
GINU,557483.5
GINV,557483.5
GINW,557483.5
GINX,557483.5
GINY,557483.5
GINZ,557483.5
GIOO,557483.5
GIOP,557483.5
GIOQ,557483.5
GIOR,557483.5
GIOS,557483.5
GIOT,557483.5
GIOU,557483.5
GIOV,557483.5
GIOW,557483.5
GIOX,557483.5
GIOY,557483.5
GIOZ,557483.5
GIPP,557483.5
GIPQ,557483.5
GIPR,557483.5
GIPS,557483.5
GIPT,557483.5
GIPU,557483.5
GIPV,557483.5
GIPW,557483.5
GIPX,557483.5
GIPY,557483.5
GIPZ,557483.5
GIQQ,557483.5
GIQR,557483.5
GIQS,557483.5
GIQT,557483.5
GIQU,557483.5
GIQV,557483.5
GIQW,557483.5
GIQX,557483.5
GIQY,557483.5
GIQZ,557483.5
GIRR,557483.5
GIRS,557483.5
GIRT,557483.5
GIRU,557483.5
GIRV,557483.5
GIRW,557483.5
GIRX,557483.5
GIRY,557483.5
GIRZ,557483.5
GISS,557483.5
GIST,557483.5
GISU,557483.5
GISV,557483.5
GISW,557483.5
GISX,557483.5
GISY,557483.5
GISZ,557483.5
GITT,557483.5
GITU,557483.5
GITV,557483.5
GITW,557483.5
GITX,557483.5
GITY,557483.5
GITZ,557483.5
GIUU,557483.5
GIUV,557483.5
GIUW,557483.5
GIUX,557483.5
GIUY,557483.5
GIUZ,557483.5
GIVV,557483.5
GIVW,557483.5
GIVX,557483.5
GIVY,557483.5
GIVZ,557483.5
GIWW,557483.5
GIWX,557483.5
GIWY,557483.5
GIWZ,557483.5
GIXX,557483.5
GIXY,557483.5
GIXZ,557483.5
GIYY,557483.5
GIYZ,557483.5
GIZZ,557483.5
GJJJ,557483.5
GJJK,557483.5
GJJL,557483.5
GJJM,557483.5
GJJN,557483.5
GJJO,557483.5
GJJP,557483.5
GJJQ,557483.5
GJJR,557483.5
GJJS,557483.5
GJJT,557483.5
GJJU,557483.5
GJJV,557483.5
GJJW,557483.5
GJJX,557483.5
GJJY,557483.5
GJJZ,557483.5
GJKK,557483.5
GJKL,557483.5
GJKM,557483.5
GJKN,557483.5
GJKO,557483.5
GJKP,557483.5
GJKQ,557483.5
GJKR,557483.5
GJKS,557483.5
GJKT,557483.5
GJKU,557483.5
GJKV,557483.5
GJKW,557483.5
GJKX,557483.5
GJKY,557483.5
GJKZ,557483.5
GJLL,557483.5
GJLM,557483.5
GJLN,557483.5
GJLO,557483.5
GJLP,557483.5
GJLQ,557483.5
GJLR,557483.5
GJLS,557483.5
GJLT,557483.5
GJLU,557483.5
GJLV,557483.5
GJLW,557483.5
GJLX,557483.5
GJLY,557483.5
GJLZ,557483.5
GJMM,557483.5
GJMN,557483.5
GJMO,557483.5
GJMP,557483.5
GJMQ,557483.5
GJMR,557483.5
GJMS,557483.5
GJMT,557483.5
GJMU,557483.5
GJMV,557483.5
GJMW,557483.5
GJMX,557483.5
GJMY,557483.5
GJMZ,557483.5
GJNN,557483.5
GJNO,557483.5
GJNP,557483.5
GJNQ,557483.5
GJNR,557483.5
GJNS,557483.5
GJNT,557483.5
GJNU,557483.5
GJNV,557483.5
GJNW,557483.5
GJNX,557483.5
GJNY,557483.5
GJNZ,557483.5
GJOO,557483.5
GJOP,557483.5
GJOQ,557483.5
GJOR,557483.5
GJOS,557483.5
GJOT,557483.5
GJOU,557483.5
GJOV,557483.5
GJOW,557483.5
GJOX,557483.5
GJOY,557483.5
GJOZ,557483.5
GJPP,557483.5
GJPQ,557483.5
GJPR,557483.5
GJPS,557483.5
GJPT,557483.5
GJPU,557483.5
GJPV,557483.5
GJPW,557483.5
GJPX,557483.5
GJPY,557483.5
GJPZ,557483.5
GJQQ,557483.5
GJQR,557483.5
GJQS,557483.5
GJQT,557483.5
GJQU,557483.5
GJQV,557483.5
GJQW,557483.5
GJQX,557483.5
GJQY,557483.5
GJQZ,557483.5
GJRR,557483.5
GJRS,557483.5
GJRT,557483.5
GJRU,557483.5
GJRV,557483.5
GJRW,557483.5
GJRX,557483.5
GJRY,557483.5
GJRZ,557483.5
GJSS,557483.5
GJST,557483.5
GJSU,557483.5
GJSV,557483.5
GJSW,557483.5
GJSX,557483.5
GJSY,557483.5
GJSZ,557483.5
GJTT,557483.5
GJTU,557483.5
GJTV,557483.5
GJTW,557483.5
GJTX,557483.5
GJTY,557483.5
GJTZ,557483.5
GJUU,557483.5
GJUV,557483.5
GJUW,557483.5
GJUX,557483.5
GJUY,557483.5
GJUZ,557483.5
GJVV,557483.5
GJVW,557483.5
GJVX,557483.5
GJVY,557483.5
GJVZ,557483.5
GJWW,557483.5
GJWX,557483.5
GJWY,557483.5
GJWZ,557483.5
GJXX,557483.5
GJXY,557483.5
GJXZ,557483.5
GJYY,557483.5
GJYZ,557483.5
GJZZ,557483.5
GKKK,557483.5
GKKL,557483.5
GKKM,557483.5
GKKN,557483.5
GKKO,557483.5
GKKP,557483.5
GKKQ,557483.5
GKKR,557483.5
GKKS,557483.5
GKKT,557483.5
GKKU,557483.5
GKKV,557483.5
GKKW,557483.5
GKKX,557483.5
GKKY,557483.5
GKKZ,557483.5
GKLL,557483.5
GKLM,557483.5
GKLN,557483.5
GKLO,557483.5
GKLP,557483.5
GKLQ,557483.5
GKLR,557483.5
GKLS,557483.5
GKLT,557483.5
GKLU,557483.5
GKLV,557483.5
GKLW,557483.5
GKLX,557483.5
GKLY,557483.5
GKLZ,557483.5
GKMM,557483.5
GKMN,557483.5
GKMO,557483.5
GKMP,557483.5
GKMQ,557483.5
GKMR,557483.5
GKMS,557483.5
GKMT,557483.5
GKMU,557483.5
GKMV,557483.5
GKMW,557483.5
GKMX,557483.5
GKMY,557483.5
GKMZ,557483.5
GKNN,557483.5
GKNO,557483.5
GKNP,557483.5
GKNQ,557483.5
GKNR,557483.5
GKNS,557483.5
GKNT,557483.5
GKNU,557483.5
GKNV,557483.5
GKNW,557483.5
GKNX,557483.5
GKNY,557483.5
GKNZ,557483.5
GKOO,557483.5
GKOP,557483.5
GKOQ,557483.5
GKOR,557483.5
GKOS,557483.5
GKOT,557483.5
GKOU,557483.5
GKOV,557483.5
GKOW,557483.5
GKOX,557483.5
GKOY,557483.5
GKOZ,557483.5
GKPP,557483.5
GKPQ,557483.5
GKPR,557483.5
GKPS,557483.5
GKPT,557483.5
GKPU,557483.5
GKPV,557483.5
GKPW,557483.5
GKPX,557483.5
GKPY,557483.5
GKPZ,557483.5
GKQQ,557483.5
GKQR,557483.5
GKQS,557483.5
GKQT,557483.5
GKQU,557483.5
GKQV,557483.5
GKQW,557483.5
GKQX,557483.5
GKQY,557483.5
GKQZ,557483.5
GKRR,557483.5
GKRS,557483.5
GKRT,557483.5
GKRU,557483.5
GKRV,557483.5
GKRW,557483.5
GKRX,557483.5
GKRY,557483.5
GKRZ,557483.5
GKSS,557483.5
GKST,557483.5
GKSU,557483.5
GKSV,557483.5
GKSW,557483.5
GKSX,557483.5
GKSY,557483.5
GKSZ,557483.5
GKTT,557483.5
GKTU,557483.5
GKTV,557483.5
GKTW,557483.5
GKTX,557483.5
GKTY,557483.5
GKTZ,557483.5
GKUU,557483.5
GKUV,557483.5
GKUW,557483.5
GKUX,557483.5
GKUY,557483.5
GKUZ,557483.5
GKVV,557483.5
GKVW,557483.5
GKVX,557483.5
GKVY,557483.5
GKVZ,557483.5
GKWW,557483.5
GKWX,557483.5
GKWY,557483.5
GKWZ,557483.5
GKXX,557483.5
GKXY,557483.5
GKXZ,557483.5
GKYY,557483.5
GKYZ,557483.5
GKZZ,557483.5
GLLL,557483.5
GLLM,557483.5
GLLN,557483.5
GLLO,557483.5
GLLP,557483.5
GLLQ,557483.5
GLLR,557483.5
GLLS,557483.5
GLLT,557483.5
GLLU,557483.5
GLLV,557483.5
GLLW,557483.5
GLLX,557483.5
GLLY,557483.5
GLLZ,557483.5
GLMM,557483.5
GLMN,557483.5
GLMO,557483.5
GLMP,557483.5
GLMQ,557483.5
GLMR,557483.5
GLMS,557483.5
GLMT,557483.5
GLMU,557483.5
GLMV,557483.5
GLMW,557483.5
GLMX,557483.5
GLMY,557483.5
GLMZ,557483.5
GLNN,557483.5
GLNO,557483.5
GLNP,557483.5
GLNQ,557483.5
GLNR,557483.5
GLNS,557483.5
GLNT,557483.5
GLNU,557483.5
GLNV,557483.5
GLNW,557483.5
GLNX,557483.5
GLNY,557483.5
GLNZ,557483.5
GLOO,557483.5
GLOP,557483.5
GLOQ,557483.5
GLOR,557483.5
GLOS,557483.5
GLOT,557483.5
GLOU,557483.5
GLOV,557483.5
GLOW,557483.5
GLOX,557483.5
GLOY,557483.5
GLOZ,557483.5
GLPP,557483.5
GLPQ,557483.5
GLPR,557483.5
GLPS,557483.5
GLPT,557483.5
GLPU,557483.5
GLPV,557483.5
GLPW,557483.5
GLPX,557483.5
GLPY,557483.5
GLPZ,557483.5
GLQQ,557483.5
GLQR,557483.5
GLQS,557483.5
GLQT,557483.5
GLQU,557483.5
GLQV,557483.5
GLQW,557483.5
GLQX,557483.5
GLQY,557483.5
GLQZ,557483.5
GLRR,557483.5
GLRS,557483.5
GLRT,557483.5
GLRU,557483.5
GLRV,557483.5
GLRW,557483.5
GLRX,557483.5
GLRY,557483.5
GLRZ,557483.5
GLSS,557483.5
GLST,557483.5
GLSU,557483.5
GLSV,557483.5
GLSW,557483.5
GLSX,557483.5
GLSY,557483.5
GLSZ,557483.5
GLTT,557483.5
GLTU,557483.5
GLTV,557483.5
GLTW,557483.5
GLTX,557483.5
GLTY,557483.5
GLTZ,557483.5
GLUU,557483.5
GLUV,557483.5
GLUW,557483.5
GLUX,557483.5
GLUY,557483.5
GLUZ,557483.5
GLVV,557483.5
GLVW,557483.5
GLVX,557483.5
GLVY,557483.5
GLVZ,557483.5
GLWW,557483.5
GLWX,557483.5
GLWY,557483.5
GLWZ,557483.5
GLXX,557483.5
GLXY,557483.5
GLXZ,557483.5
GLYY,557483.5
GLYZ,557483.5
GLZZ,557483.5
GMMM,557483.5
GMMN,557483.5
GMMO,557483.5
GMMP,557483.5
GMMQ,557483.5
GMMR,557483.5
GMMS,557483.5
GMMT,557483.5
GMMU,557483.5
GMMV,557483.5
GMMW,557483.5
GMMX,557483.5
GMMY,557483.5
GMMZ,557483.5
GMNN,557483.5
GMNO,557483.5
GMNP,557483.5
GMNQ,557483.5
GMNR,557483.5
GMNS,557483.5
GMNT,557483.5
GMNU,557483.5
GMNV,557483.5
GMNW,557483.5
GMNX,557483.5
GMNY,557483.5
GMNZ,557483.5
GMOO,557483.5
GMOP,557483.5
GMOQ,557483.5
GMOR,557483.5
GMOS,557483.5
GMOT,557483.5
GMOU,557483.5
GMOV,557483.5
GMOW,557483.5
GMOX,557483.5
GMOY,557483.5
GMOZ,557483.5
GMPP,557483.5
GMPQ,557483.5
GMPR,557483.5
GMPS,557483.5
GMPT,557483.5
GMPU,557483.5
GMPV,557483.5
GMPW,557483.5
GMPX,557483.5
GMPY,557483.5
GMPZ,557483.5
GMQQ,557483.5
GMQR,557483.5
GMQS,557483.5
GMQT,557483.5
GMQU,557483.5
GMQV,557483.5
GMQW,557483.5
GMQX,557483.5
GMQY,557483.5
GMQZ,557483.5
GMRR,557483.5
GMRS,557483.5
GMRT,557483.5
GMRU,557483.5
GMRV,557483.5
GMRW,557483.5
GMRX,557483.5
GMRY,557483.5
GMRZ,557483.5
GMSS,557483.5
GMST,557483.5
GMSU,557483.5
GMSV,557483.5
GMSW,557483.5
GMSX,557483.5
GMSY,557483.5
GMSZ,557483.5
GMTT,557483.5
GMTU,557483.5
GMTV,557483.5
GMTW,557483.5
GMTX,557483.5
GMTY,557483.5
GMTZ,557483.5
GMUU,557483.5
GMUV,557483.5
GMUW,557483.5
GMUX,557483.5
GMUY,557483.5
GMUZ,557483.5
GMVV,557483.5
GMVW,557483.5
GMVX,557483.5
GMVY,557483.5
GMVZ,557483.5
GMWW,557483.5
GMWX,557483.5
GMWY,557483.5
GMWZ,557483.5
GMXX,557483.5
GMXY,557483.5
GMXZ,557483.5
GMYY,557483.5
GMYZ,557483.5
GMZZ,557483.5
GNNN,557483.5
GNNO,557483.5
GNNP,557483.5
GNNQ,557483.5
GNNR,557483.5
GNNS,557483.5
GNNT,557483.5
GNNU,557483.5
GNNV,557483.5
GNNW,557483.5
GNNX,557483.5
GNNY,557483.5
GNNZ,557483.5
GNOO,557483.5
GNOP,557483.5
GNOQ,557483.5
GNOR,557483.5
GNOS,557483.5
GNOT,557483.5
GNOU,557483.5
GNOV,557483.5
GNOW,557483.5
GNOX,557483.5
GNOY,557483.5
GNOZ,557483.5
GNPP,557483.5
GNPQ,557483.5
GNPR,557483.5
GNPS,557483.5
GNPT,557483.5
GNPU,557483.5
GNPV,557483.5
GNPW,557483.5
GNPX,557483.5
GNPY,557483.5
GNPZ,557483.5
GNQQ,557483.5
GNQR,557483.5
GNQS,557483.5
GNQT,557483.5
GNQU,557483.5
GNQV,557483.5
GNQW,557483.5
GNQX,557483.5
GNQY,557483.5
GNQZ,557483.5
GNRR,557483.5
GNRS,557483.5
GNRT,557483.5
GNRU,557483.5
GNRV,557483.5
GNRW,557483.5
GNRX,557483.5
GNRY,557483.5
GNRZ,557483.5
GNSS,557483.5
GNST,557483.5
GNSU,557483.5
GNSV,557483.5
GNSW,557483.5
GNSX,557483.5
GNSY,557483.5
GNSZ,557483.5
GNTT,557483.5
GNTU,557483.5
GNTV,557483.5
GNTW,557483.5
GNTX,557483.5
GNTY,557483.5
GNTZ,557483.5
GNUU,557483.5
GNUV,557483.5
GNUW,557483.5
GNUX,557483.5
GNUY,557483.5
GNUZ,557483.5
GNVV,557483.5
GNVW,557483.5
GNVX,557483.5
GNVY,557483.5
GNVZ,557483.5
GNWW,557483.5
GNWX,557483.5
GNWY,557483.5
GNWZ,557483.5
GNXX,557483.5
GNXY,557483.5
GNXZ,557483.5
GNYY,557483.5
GNYZ,557483.5
GNZZ,557483.5
GOOO,557483.5
GOOP,557483.5
GOOQ,557483.5
GOOR,557483.5
GOOS,557483.5
GOOT,557483.5
GOOU,557483.5
GOOV,557483.5
GOOW,557483.5
GOOX,557483.5
GOOY,557483.5
GOOZ,557483.5
GOPP,557483.5
GOPQ,557483.5
GOPR,557483.5
GOPS,557483.5
GOPT,557483.5
GOPU,557483.5
GOPV,557483.5
GOPW,557483.5
GOPX,557483.5
GOPY,557483.5
GOPZ,557483.5
GOQQ,557483.5
GOQR,557483.5
GOQS,557483.5
GOQT,557483.5
GOQU,557483.5
GOQV,557483.5
GOQW,557483.5
GOQX,557483.5
GOQY,557483.5
GOQZ,557483.5
GORR,557483.5
GORS,557483.5
GORT,557483.5
GORU,557483.5
GORV,557483.5
GORW,557483.5
GORX,557483.5
GORY,557483.5
GORZ,557483.5
GOSS,557483.5
GOST,557483.5
GOSU,557483.5
GOSV,557483.5
GOSW,557483.5
GOSX,557483.5
GOSY,557483.5
GOSZ,557483.5
GOTT,557483.5
GOTU,557483.5
GOTV,557483.5
GOTW,557483.5
GOTX,557483.5
GOTY,557483.5
GOTZ,557483.5
GOUU,557483.5
GOUV,557483.5
GOUW,557483.5
GOUX,557483.5
GOUY,557483.5
GOUZ,557483.5
GOVV,557483.5
GOVW,557483.5
GOVX,557483.5
GOVY,557483.5
GOVZ,557483.5
GOWW,557483.5
GOWX,557483.5
GOWY,557483.5
GOWZ,557483.5
GOXX,557483.5
GOXY,557483.5
GOXZ,557483.5
GOYY,557483.5
GOYZ,557483.5
GOZZ,557483.5
GPPP,557483.5
GPPQ,557483.5
GPPR,557483.5
GPPS,557483.5
GPPT,557483.5
GPPU,557483.5
GPPV,557483.5
GPPW,557483.5
GPPX,557483.5
GPPY,557483.5
GPPZ,557483.5
GPQQ,557483.5
GPQR,557483.5
GPQS,557483.5
GPQT,557483.5
GPQU,557483.5
GPQV,557483.5
GPQW,557483.5
GPQX,557483.5
GPQY,557483.5
GPQZ,557483.5
GPRR,557483.5
GPRS,557483.5
GPRT,557483.5
GPRU,557483.5
GPRV,557483.5
GPRW,557483.5
GPRX,557483.5
GPRY,557483.5
GPRZ,557483.5
GPSS,557483.5
GPST,557483.5
GPSU,557483.5
GPSV,557483.5
GPSW,557483.5
GPSX,557483.5
GPSY,557483.5
GPSZ,557483.5
GPTT,557483.5
GPTU,557483.5
GPTV,557483.5
GPTW,557483.5
GPTX,557483.5
GPTY,557483.5
GPTZ,557483.5
GPUU,557483.5
GPUV,557483.5
GPUW,557483.5
GPUX,557483.5
GPUY,557483.5
GPUZ,557483.5
GPVV,557483.5
GPVW,557483.5
GPVX,557483.5
GPVY,557483.5
GPVZ,557483.5
GPWW,557483.5
GPWX,557483.5
GPWY,557483.5
GPWZ,557483.5
GPXX,557483.5
GPXY,557483.5
GPXZ,557483.5
GPYY,557483.5
GPYZ,557483.5
GPZZ,557483.5
GQQQ,557483.5
GQQR,557483.5
GQQS,557483.5
GQQT,557483.5
GQQU,557483.5
GQQV,557483.5
GQQW,557483.5
GQQX,557483.5
GQQY,557483.5
GQQZ,557483.5
GQRR,557483.5
GQRS,557483.5
GQRT,557483.5
GQRU,557483.5
GQRV,557483.5
GQRW,557483.5
GQRX,557483.5
GQRY,557483.5
GQRZ,557483.5
GQSS,557483.5
GQST,557483.5
GQSU,557483.5
GQSV,557483.5
GQSW,557483.5
GQSX,557483.5
GQSY,557483.5
GQSZ,557483.5
GQTT,557483.5
GQTU,557483.5
GQTV,557483.5
GQTW,557483.5
GQTX,557483.5
GQTY,557483.5
GQTZ,557483.5
GQUU,557483.5
GQUV,557483.5
GQUW,557483.5
GQUX,557483.5
GQUY,557483.5
GQUZ,557483.5
GQVV,557483.5
GQVW,557483.5
GQVX,557483.5
GQVY,557483.5
GQVZ,557483.5
GQWW,557483.5
GQWX,557483.5
GQWY,557483.5
GQWZ,557483.5
GQXX,557483.5
GQXY,557483.5
GQXZ,557483.5
GQYY,557483.5
GQYZ,557483.5
GQZZ,557483.5
GRRR,557483.5
GRRS,557483.5
GRRT,557483.5
GRRU,557483.5
GRRV,557483.5
GRRW,557483.5
GRRX,557483.5
GRRY,557483.5
GRRZ,557483.5
GRSS,557483.5
GRST,557483.5
GRSU,557483.5
GRSV,557483.5
GRSW,557483.5
GRSX,557483.5
GRSY,557483.5
GRSZ,557483.5
GRTT,557483.5
GRTU,557483.5
GRTV,557483.5
GRTW,557483.5
GRTX,557483.5
GRTY,557483.5
GRTZ,557483.5
GRUU,557483.5
GRUV,557483.5
GRUW,557483.5
GRUX,557483.5
GRUY,557483.5
GRUZ,557483.5
GRVV,557483.5
GRVW,557483.5
GRVX,557483.5
GRVY,557483.5
GRVZ,557483.5
GRWW,557483.5
GRWX,557483.5
GRWY,557483.5
GRWZ,557483.5
GRXX,557483.5
GRXY,557483.5
GRXZ,557483.5
GRYY,557483.5
GRYZ,557483.5
GRZZ,557483.5
GSSS,557483.5
GSST,557483.5
GSSU,557483.5
GSSV,557483.5
GSSW,557483.5
GSSX,557483.5
GSSY,557483.5
GSSZ,557483.5
GSTT,557483.5
GSTU,557483.5
GSTV,557483.5
GSTW,557483.5
GSTX,557483.5
GSTY,557483.5
GSTZ,557483.5
GSUU,557483.5
GSUV,557483.5
GSUW,557483.5
GSUX,557483.5
GSUY,557483.5
GSUZ,557483.5
GSVV,557483.5
GSVW,557483.5
GSVX,557483.5
GSVY,557483.5
GSVZ,557483.5
GSWW,557483.5
GSWX,557483.5
GSWY,557483.5
GSWZ,557483.5
GSXX,557483.5
GSXY,557483.5
GSXZ,557483.5
GSYY,557483.5
GSYZ,557483.5
GSZZ,557483.5
GTTT,557483.5
GTTU,557483.5
GTTV,557483.5
GTTW,557483.5
GTTX,557483.5
GTTY,557483.5
GTTZ,557483.5
GTUU,557483.5
GTUV,557483.5
GTUW,557483.5
GTUX,557483.5
GTUY,557483.5
GTUZ,557483.5
GTVV,557483.5
GTVW,557483.5
GTVX,557483.5
GTVY,557483.5
GTVZ,557483.5
GTWW,557483.5
GTWX,557483.5
GTWY,557483.5
GTWZ,557483.5
GTXX,557483.5
GTXY,557483.5
GTXZ,557483.5
GTYY,557483.5
GTYZ,557483.5
GTZZ,557483.5
GUUU,557483.5
GUUV,557483.5
GUUW,557483.5
GUUX,557483.5
GUUY,557483.5
GUUZ,557483.5
GUVV,557483.5
GUVW,557483.5
GUVX,557483.5
GUVY,557483.5
GUVZ,557483.5
GUWW,557483.5
GUWX,557483.5
GUWY,557483.5
GUWZ,557483.5
GUXX,557483.5
GUXY,557483.5
GUXZ,557483.5
GUYY,557483.5
GUYZ,557483.5
GUZZ,557483.5
GVVV,557483.5
GVVW,557483.5
GVVX,557483.5
GVVY,557483.5
GVVZ,557483.5
GVWW,557483.5
GVWX,557483.5
GVWY,557483.5
GVWZ,557483.5
GVXX,557483.5
GVXY,557483.5
GVXZ,557483.5
GVYY,557483.5
GVYZ,557483.5
GVZZ,557483.5
GWWW,557483.5
GWWX,557483.5
GWWY,557483.5
GWWZ,557483.5
GWXX,557483.5
GWXY,557483.5
GWXZ,557483.5
GWYY,557483.5
GWYZ,557483.5
GWZZ,557483.5
GXXX,557483.5
GXXY,557483.5
GXXZ,557483.5
GXYY,557483.5
GXYZ,557483.5
GXZZ,557483.5
GYYY,557483.5
GYYZ,557483.5
GYZZ,557483.5
GZZZ,557483.5
HHHH,557483.5
HHHI,557483.5
HHHJ,557483.5
HHHK,557483.5
HHHL,557483.5
HHHM,557483.5
HHHN,557483.5
HHHO,557483.5
HHHP,557483.5
HHHQ,557483.5
HHHR,557483.5
HHHS,557483.5
HHHT,557483.5
HHHU,557483.5
HHHV,557483.5
HHHW,557483.5
HHHX,557483.5
HHHY,557483.5
HHHZ,557483.5
HHII,557483.5
HHIJ,557483.5
HHIK,557483.5
HHIL,557483.5
HHIM,557483.5
HHIN,557483.5
HHIO,557483.5
HHIP,557483.5
HHIQ,557483.5
HHIR,557483.5
HHIS,557483.5
HHIT,557483.5
HHIU,557483.5
HHIV,557483.5
HHIW,557483.5
HHIX,557483.5
HHIY,557483.5
HHIZ,557483.5
HHJJ,557483.5
HHJK,557483.5
HHJL,557483.5
HHJM,557483.5
HHJN,557483.5
HHJO,557483.5
HHJP,557483.5
HHJQ,557483.5
HHJR,557483.5
HHJS,557483.5
HHJT,557483.5
HHJU,557483.5
HHJV,557483.5
HHJW,557483.5
HHJX,557483.5
HHJY,557483.5
HHJZ,557483.5
HHKK,557483.5
HHKL,557483.5
HHKM,557483.5
HHKN,557483.5
HHKO,557483.5
HHKP,557483.5
HHKQ,557483.5
HHKR,557483.5
HHKS,557483.5
HHKT,557483.5
HHKU,557483.5
HHKV,557483.5
HHKW,557483.5
HHKX,557483.5
HHKY,557483.5
HHKZ,557483.5
HHLL,557483.5
HHLM,557483.5
HHLN,557483.5
HHLO,557483.5
HHLP,557483.5
HHLQ,557483.5
HHLR,557483.5
HHLS,557483.5
HHLT,557483.5
HHLU,557483.5
HHLV,557483.5
HHLW,557483.5
HHLX,557483.5
HHLY,557483.5
HHLZ,557483.5
HHMM,557483.5
HHMN,557483.5
HHMO,557483.5
HHMP,557483.5
HHMQ,557483.5
HHMR,557483.5
HHMS,557483.5
HHMT,557483.5
HHMU,557483.5
HHMV,557483.5
HHMW,557483.5
HHMX,557483.5
HHMY,557483.5
HHMZ,557483.5
HHNN,557483.5
HHNO,557483.5
HHNP,557483.5
HHNQ,557483.5
HHNR,557483.5
HHNS,557483.5
HHNT,557483.5
HHNU,557483.5
HHNV,557483.5
HHNW,557483.5
HHNX,557483.5
HHNY,557483.5
HHNZ,557483.5
HHOO,557483.5
HHOP,557483.5
HHOQ,557483.5
HHOR,557483.5
HHOS,557483.5
HHOT,557483.5
HHOU,557483.5
HHOV,557483.5
HHOW,557483.5
HHOX,557483.5
HHOY,557483.5
HHOZ,557483.5
HHPP,557483.5
HHPQ,557483.5
HHPR,557483.5
HHPS,557483.5
HHPT,557483.5
HHPU,557483.5
HHPV,557483.5
HHPW,557483.5
HHPX,557483.5
HHPY,557483.5
HHPZ,557483.5
HHQQ,557483.5
HHQR,557483.5
HHQS,557483.5
HHQT,557483.5
HHQU,557483.5
HHQV,557483.5
HHQW,557483.5
HHQX,557483.5
HHQY,557483.5
HHQZ,557483.5
HHRR,557483.5
HHRS,557483.5
HHRT,557483.5
HHRU,557483.5
HHRV,557483.5
HHRW,557483.5
HHRX,557483.5
HHRY,557483.5
HHRZ,557483.5
HHSS,557483.5
HHST,557483.5
HHSU,557483.5
HHSV,557483.5
HHSW,557483.5
HHSX,557483.5
HHSY,557483.5
HHSZ,557483.5
HHTT,557483.5
HHTU,557483.5
HHTV,557483.5
HHTW,557483.5
HHTX,557483.5
HHTY,557483.5
HHTZ,557483.5
HHUU,557483.5
HHUV,557483.5
HHUW,557483.5
HHUX,557483.5
HHUY,557483.5
HHUZ,557483.5
HHVV,557483.5
HHVW,557483.5
HHVX,557483.5
HHVY,557483.5
HHVZ,557483.5
HHWW,557483.5
HHWX,557483.5
HHWY,557483.5
HHWZ,557483.5
HHXX,557483.5
HHXY,557483.5
HHXZ,557483.5
HHYY,557483.5
HHYZ,557483.5
HHZZ,557483.5
HIII,557483.5
HIIJ,557483.5
HIIK,557483.5
HIIL,557483.5
HIIM,557483.5
HIIN,557483.5
HIIO,557483.5
HIIP,557483.5
HIIQ,557483.5
HIIR,557483.5
HIIS,557483.5
HIIT,557483.5
HIIU,557483.5
HIIV,557483.5
HIIW,557483.5
HIIX,557483.5
HIIY,557483.5
HIIZ,557483.5
HIJJ,557483.5
HIJK,557483.5
HIJL,557483.5
HIJM,557483.5
HIJN,557483.5
HIJO,557483.5
HIJP,557483.5
HIJQ,557483.5
HIJR,557483.5
HIJS,557483.5
HIJT,557483.5
HIJU,557483.5
HIJV,557483.5
HIJW,557483.5
HIJX,557483.5
HIJY,557483.5
HIJZ,557483.5
HIKK,557483.5
HIKL,557483.5
HIKM,557483.5
HIKN,557483.5
HIKO,557483.5
HIKP,557483.5
HIKQ,557483.5
HIKR,557483.5
HIKS,557483.5
HIKT,557483.5
HIKU,557483.5
HIKV,557483.5
HIKW,557483.5
HIKX,557483.5
HIKY,557483.5
HIKZ,557483.5
HILL,557483.5
HILM,557483.5
HILN,557483.5
HILO,557483.5
HILP,557483.5
HILQ,557483.5
HILR,557483.5
HILS,557483.5
HILT,557483.5
HILU,557483.5
HILV,557483.5
HILW,557483.5
HILX,557483.5
HILY,557483.5
HILZ,557483.5
HIMM,557483.5
HIMN,557483.5
HIMO,557483.5
HIMP,557483.5
HIMQ,557483.5
HIMR,557483.5
HIMS,557483.5
HIMT,557483.5
HIMU,557483.5
HIMV,557483.5
HIMW,557483.5
HIMX,557483.5
HIMY,557483.5
HIMZ,557483.5
HINN,557483.5
HINO,557483.5
HINP,557483.5
HINQ,557483.5
HINR,557483.5
HINS,557483.5
HINT,557483.5
HINU,557483.5
HINV,557483.5
HINW,557483.5
HINX,557483.5
HINY,557483.5
HINZ,557483.5
HIOO,557483.5
HIOP,557483.5
HIOQ,557483.5
HIOR,557483.5
HIOS,557483.5
HIOT,557483.5
HIOU,557483.5
HIOV,557483.5
HIOW,557483.5
HIOX,557483.5
HIOY,557483.5
HIOZ,557483.5
HIPP,557483.5
HIPQ,557483.5
HIPR,557483.5
HIPS,557483.5
HIPT,557483.5
HIPU,557483.5
HIPV,557483.5
HIPW,557483.5
HIPX,557483.5
HIPY,557483.5
HIPZ,557483.5
HIQQ,557483.5
HIQR,557483.5
HIQS,557483.5
HIQT,557483.5
HIQU,557483.5
HIQV,557483.5
HIQW,557483.5
HIQX,557483.5
HIQY,557483.5
HIQZ,557483.5
HIRR,557483.5
HIRS,557483.5
HIRT,557483.5
HIRU,557483.5
HIRV,557483.5
HIRW,557483.5
HIRX,557483.5
HIRY,557483.5
HIRZ,557483.5
HISS,557483.5
HIST,557483.5
HISU,557483.5
HISV,557483.5
HISW,557483.5
HISX,557483.5
HISY,557483.5
HISZ,557483.5
HITT,557483.5
HITU,557483.5
HITV,557483.5
HITW,557483.5
HITX,557483.5
HITY,557483.5
HITZ,557483.5
HIUU,557483.5
HIUV,557483.5
HIUW,557483.5
HIUX,557483.5
HIUY,557483.5
HIUZ,557483.5
HIVV,557483.5
HIVW,557483.5
HIVX,557483.5
HIVY,557483.5
HIVZ,557483.5
HIWW,557483.5
HIWX,557483.5
HIWY,557483.5
HIWZ,557483.5
HIXX,557483.5
HIXY,557483.5
HIXZ,557483.5
HIYY,557483.5
HIYZ,557483.5
HIZZ,557483.5
HJJJ,557483.5
HJJK,557483.5
HJJL,557483.5
HJJM,557483.5
HJJN,557483.5
HJJO,557483.5
HJJP,557483.5
HJJQ,557483.5
HJJR,557483.5
HJJS,557483.5
HJJT,557483.5
HJJU,557483.5
HJJV,557483.5
HJJW,557483.5
HJJX,557483.5
HJJY,557483.5
HJJZ,557483.5
HJKK,557483.5
HJKL,557483.5
HJKM,557483.5
HJKN,557483.5
HJKO,557483.5
HJKP,557483.5
HJKQ,557483.5
HJKR,557483.5
HJKS,557483.5
HJKT,557483.5
HJKU,557483.5
HJKV,557483.5
HJKW,557483.5
HJKX,557483.5
HJKY,557483.5
HJKZ,557483.5
HJLL,557483.5
HJLM,557483.5
HJLN,557483.5
HJLO,557483.5
HJLP,557483.5
HJLQ,557483.5
HJLR,557483.5
HJLS,557483.5
HJLT,557483.5
HJLU,557483.5
HJLV,557483.5
HJLW,557483.5
HJLX,557483.5
HJLY,557483.5
HJLZ,557483.5
HJMM,557483.5
HJMN,557483.5
HJMO,557483.5
HJMP,557483.5
HJMQ,557483.5
HJMR,557483.5
HJMS,557483.5
HJMT,557483.5
HJMU,557483.5
HJMV,557483.5
HJMW,557483.5
HJMX,557483.5
HJMY,557483.5
HJMZ,557483.5
HJNN,557483.5
HJNO,557483.5
HJNP,557483.5
HJNQ,557483.5
HJNR,557483.5
HJNS,557483.5
HJNT,557483.5
HJNU,557483.5
HJNV,557483.5
HJNW,557483.5
HJNX,557483.5
HJNY,557483.5
HJNZ,557483.5
HJOO,557483.5
HJOP,557483.5
HJOQ,557483.5
HJOR,557483.5
HJOS,557483.5
HJOT,557483.5
HJOU,557483.5
HJOV,557483.5
HJOW,557483.5
HJOX,557483.5
HJOY,557483.5
HJOZ,557483.5
HJPP,557483.5
HJPQ,557483.5
HJPR,557483.5
HJPS,557483.5
HJPT,557483.5
HJPU,557483.5
HJPV,557483.5
HJPW,557483.5
HJPX,557483.5
HJPY,557483.5
HJPZ,557483.5
HJQQ,557483.5
HJQR,557483.5
HJQS,557483.5
HJQT,557483.5
HJQU,557483.5
HJQV,557483.5
HJQW,557483.5
HJQX,557483.5
HJQY,557483.5
HJQZ,557483.5
HJRR,557483.5
HJRS,557483.5
HJRT,557483.5
HJRU,557483.5
HJRV,557483.5
HJRW,557483.5
HJRX,557483.5
HJRY,557483.5
HJRZ,557483.5
HJSS,557483.5
HJST,557483.5
HJSU,557483.5
HJSV,557483.5
HJSW,557483.5
HJSX,557483.5
HJSY,557483.5
HJSZ,557483.5
HJTT,557483.5
HJTU,557483.5
HJTV,557483.5
HJTW,557483.5
HJTX,557483.5
HJTY,557483.5
HJTZ,557483.5
HJUU,557483.5
HJUV,557483.5
HJUW,557483.5
HJUX,557483.5
HJUY,557483.5
HJUZ,557483.5
HJVV,557483.5
HJVW,557483.5
HJVX,557483.5
HJVY,557483.5
HJVZ,557483.5
HJWW,557483.5
HJWX,557483.5
HJWY,557483.5
HJWZ,557483.5
HJXX,557483.5
HJXY,557483.5
HJXZ,557483.5
HJYY,557483.5
HJYZ,557483.5
HJZZ,557483.5
HKKK,557483.5
HKKL,557483.5
HKKM,557483.5
HKKN,557483.5
HKKO,557483.5
HKKP,557483.5
HKKQ,557483.5
HKKR,557483.5
HKKS,557483.5
HKKT,557483.5
HKKU,557483.5
HKKV,557483.5
HKKW,557483.5
HKKX,557483.5
HKKY,557483.5
HKKZ,557483.5
HKLL,557483.5
HKLM,557483.5
HKLN,557483.5
HKLO,557483.5
HKLP,557483.5
HKLQ,557483.5
HKLR,557483.5
HKLS,557483.5
HKLT,557483.5
HKLU,557483.5
HKLV,557483.5
HKLW,557483.5
HKLX,557483.5
HKLY,557483.5
HKLZ,557483.5
HKMM,557483.5
HKMN,557483.5
HKMO,557483.5
HKMP,557483.5
HKMQ,557483.5
HKMR,557483.5
HKMS,557483.5
HKMT,557483.5
HKMU,557483.5
HKMV,557483.5
HKMW,557483.5
HKMX,557483.5
HKMY,557483.5
HKMZ,557483.5
HKNN,557483.5
HKNO,557483.5
HKNP,557483.5
HKNQ,557483.5
HKNR,557483.5
HKNS,557483.5
HKNT,557483.5
HKNU,557483.5
HKNV,557483.5
HKNW,557483.5
HKNX,557483.5
HKNY,557483.5
HKNZ,557483.5
HKOO,557483.5
HKOP,557483.5
HKOQ,557483.5
HKOR,557483.5
HKOS,557483.5
HKOT,557483.5
HKOU,557483.5
HKOV,557483.5
HKOW,557483.5
HKOX,557483.5
HKOY,557483.5
HKOZ,557483.5
HKPP,557483.5
HKPQ,557483.5
HKPR,557483.5
HKPS,557483.5
HKPT,557483.5
HKPU,557483.5
HKPV,557483.5
HKPW,557483.5
HKPX,557483.5
HKPY,557483.5
HKPZ,557483.5
HKQQ,557483.5
HKQR,557483.5
HKQS,557483.5
HKQT,557483.5
HKQU,557483.5
HKQV,557483.5
HKQW,557483.5
HKQX,557483.5
HKQY,557483.5
HKQZ,557483.5
HKRR,557483.5
HKRS,557483.5
HKRT,557483.5
HKRU,557483.5
HKRV,557483.5
HKRW,557483.5
HKRX,557483.5
HKRY,557483.5
HKRZ,557483.5
HKSS,557483.5
HKST,557483.5
HKSU,557483.5
HKSV,557483.5
HKSW,557483.5
HKSX,557483.5
HKSY,557483.5
HKSZ,557483.5
HKTT,557483.5
HKTU,557483.5
HKTV,557483.5
HKTW,557483.5
HKTX,557483.5
HKTY,557483.5
HKTZ,557483.5
HKUU,557483.5
HKUV,557483.5
HKUW,557483.5
HKUX,557483.5
HKUY,557483.5
HKUZ,557483.5
HKVV,557483.5
HKVW,557483.5
HKVX,557483.5
HKVY,557483.5
HKVZ,557483.5
HKWW,557483.5
HKWX,557483.5
HKWY,557483.5
HKWZ,557483.5
HKXX,557483.5
HKXY,557483.5
HKXZ,557483.5
HKYY,557483.5
HKYZ,557483.5
HKZZ,557483.5
HLLL,557483.5
HLLM,557483.5
HLLN,557483.5
HLLO,557483.5
HLLP,557483.5
HLLQ,557483.5
HLLR,557483.5
HLLS,557483.5
HLLT,557483.5
HLLU,557483.5
HLLV,557483.5
HLLW,557483.5
HLLX,557483.5
HLLY,557483.5
HLLZ,557483.5
HLMM,557483.5
HLMN,557483.5
HLMO,557483.5
HLMP,557483.5
HLMQ,557483.5
HLMR,557483.5
HLMS,557483.5
HLMT,557483.5
HLMU,557483.5
HLMV,557483.5
HLMW,557483.5
HLMX,557483.5
HLMY,557483.5
HLMZ,557483.5
HLNN,557483.5
HLNO,557483.5
HLNP,557483.5
HLNQ,557483.5
HLNR,557483.5
HLNS,557483.5
HLNT,557483.5
HLNU,557483.5
HLNV,557483.5
HLNW,557483.5
HLNX,557483.5
HLNY,557483.5
HLNZ,557483.5
HLOO,557483.5
HLOP,557483.5
HLOQ,557483.5
HLOR,557483.5
HLOS,557483.5
HLOT,557483.5
HLOU,557483.5
HLOV,557483.5
HLOW,557483.5
HLOX,557483.5
HLOY,557483.5
HLOZ,557483.5
HLPP,557483.5
HLPQ,557483.5
HLPR,557483.5
HLPS,557483.5
HLPT,557483.5
HLPU,557483.5
HLPV,557483.5
HLPW,557483.5
HLPX,557483.5
HLPY,557483.5
HLPZ,557483.5
HLQQ,557483.5
HLQR,557483.5
HLQS,557483.5
HLQT,557483.5
HLQU,557483.5
HLQV,557483.5
HLQW,557483.5
HLQX,557483.5
HLQY,557483.5
HLQZ,557483.5
HLRR,557483.5
HLRS,557483.5
HLRT,557483.5
HLRU,557483.5
HLRV,557483.5
HLRW,557483.5
HLRX,557483.5
HLRY,557483.5
HLRZ,557483.5
HLSS,557483.5
HLST,557483.5
HLSU,557483.5
HLSV,557483.5
HLSW,557483.5
HLSX,557483.5
HLSY,557483.5
HLSZ,557483.5
HLTT,557483.5
HLTU,557483.5
HLTV,557483.5
HLTW,557483.5
HLTX,557483.5
HLTY,557483.5
HLTZ,557483.5
HLUU,557483.5
HLUV,557483.5
HLUW,557483.5
HLUX,557483.5
HLUY,557483.5
HLUZ,557483.5
HLVV,557483.5
HLVW,557483.5
HLVX,557483.5
HLVY,557483.5
HLVZ,557483.5
HLWW,557483.5
HLWX,557483.5
HLWY,557483.5
HLWZ,557483.5
HLXX,557483.5
HLXY,557483.5
HLXZ,557483.5
HLYY,557483.5
HLYZ,557483.5
HLZZ,557483.5
HMMM,557483.5
HMMN,557483.5
HMMO,557483.5
HMMP,557483.5
HMMQ,557483.5
HMMR,557483.5
HMMS,557483.5
HMMT,557483.5
HMMU,557483.5
HMMV,557483.5
HMMW,557483.5
HMMX,557483.5
HMMY,557483.5
HMMZ,557483.5
HMNN,557483.5
HMNO,557483.5
HMNP,557483.5
HMNQ,557483.5
HMNR,557483.5
HMNS,557483.5
HMNT,557483.5
HMNU,557483.5
HMNV,557483.5
HMNW,557483.5
HMNX,557483.5
HMNY,557483.5
HMNZ,557483.5
HMOO,557483.5
HMOP,557483.5
HMOQ,557483.5
HMOR,557483.5
HMOS,557483.5
HMOT,557483.5
HMOU,557483.5
HMOV,557483.5
HMOW,557483.5
HMOX,557483.5
HMOY,557483.5
HMOZ,557483.5
HMPP,557483.5
HMPQ,557483.5
HMPR,557483.5
HMPS,557483.5
HMPT,557483.5
HMPU,557483.5
HMPV,557483.5
HMPW,557483.5
HMPX,557483.5
HMPY,557483.5
HMPZ,557483.5
HMQQ,557483.5
HMQR,557483.5
HMQS,557483.5
HMQT,557483.5
HMQU,557483.5
HMQV,557483.5
HMQW,557483.5
HMQX,557483.5
HMQY,557483.5
HMQZ,557483.5
HMRR,557483.5
HMRS,557483.5
HMRT,557483.5
HMRU,557483.5
HMRV,557483.5
HMRW,557483.5
HMRX,557483.5
HMRY,557483.5
HMRZ,557483.5
HMSS,557483.5
HMST,557483.5
HMSU,557483.5
HMSV,557483.5
HMSW,557483.5
HMSX,557483.5
HMSY,557483.5
HMSZ,557483.5
HMTT,557483.5
HMTU,557483.5
HMTV,557483.5
HMTW,557483.5
HMTX,557483.5
HMTY,557483.5
HMTZ,557483.5
HMUU,557483.5
HMUV,557483.5
HMUW,557483.5
HMUX,557483.5
HMUY,557483.5
HMUZ,557483.5
HMVV,557483.5
HMVW,557483.5
HMVX,557483.5
HMVY,557483.5
HMVZ,557483.5
HMWW,557483.5
HMWX,557483.5
HMWY,557483.5
HMWZ,557483.5
HMXX,557483.5
HMXY,557483.5
HMXZ,557483.5
HMYY,557483.5
HMYZ,557483.5
HMZZ,557483.5
HNNN,557483.5
HNNO,557483.5
HNNP,557483.5
HNNQ,557483.5
HNNR,557483.5
HNNS,557483.5
HNNT,557483.5
HNNU,557483.5
HNNV,557483.5
HNNW,557483.5
HNNX,557483.5
HNNY,557483.5
HNNZ,557483.5
HNOO,557483.5
HNOP,557483.5
HNOQ,557483.5
HNOR,557483.5
HNOS,557483.5
HNOT,557483.5
HNOU,557483.5
HNOV,557483.5
HNOW,557483.5
HNOX,557483.5
HNOY,557483.5
HNOZ,557483.5
HNPP,557483.5
HNPQ,557483.5
HNPR,557483.5
HNPS,557483.5
HNPT,557483.5
HNPU,557483.5
HNPV,557483.5
HNPW,557483.5
HNPX,557483.5
HNPY,557483.5
HNPZ,557483.5
HNQQ,557483.5
HNQR,557483.5
HNQS,557483.5
HNQT,557483.5
HNQU,557483.5
HNQV,557483.5
HNQW,557483.5
HNQX,557483.5
HNQY,557483.5
HNQZ,557483.5
HNRR,557483.5
HNRS,557483.5
HNRT,557483.5
HNRU,557483.5
HNRV,557483.5
HNRW,557483.5
HNRX,557483.5
HNRY,557483.5
HNRZ,557483.5
HNSS,557483.5
HNST,557483.5
HNSU,557483.5
HNSV,557483.5
HNSW,557483.5
HNSX,557483.5
HNSY,557483.5
HNSZ,557483.5
HNTT,557483.5
HNTU,557483.5
HNTV,557483.5
HNTW,557483.5
HNTX,557483.5
HNTY,557483.5
HNTZ,557483.5
HNUU,557483.5
HNUV,557483.5
HNUW,557483.5
HNUX,557483.5
HNUY,557483.5
HNUZ,557483.5
HNVV,557483.5
HNVW,557483.5
HNVX,557483.5
HNVY,557483.5
HNVZ,557483.5
HNWW,557483.5
HNWX,557483.5
HNWY,557483.5
HNWZ,557483.5
HNXX,557483.5
HNXY,557483.5
HNXZ,557483.5
HNYY,557483.5
HNYZ,557483.5
HNZZ,557483.5
HOOO,557483.5
HOOP,557483.5
HOOQ,557483.5
HOOR,557483.5
HOOS,557483.5
HOOT,557483.5
HOOU,557483.5
HOOV,557483.5
HOOW,557483.5
HOOX,557483.5
HOOY,557483.5
HOOZ,557483.5
HOPP,557483.5
HOPQ,557483.5
HOPR,557483.5
HOPS,557483.5
HOPT,557483.5
HOPU,557483.5
HOPV,557483.5
HOPW,557483.5
HOPX,557483.5
HOPY,557483.5
HOPZ,557483.5
HOQQ,557483.5
HOQR,557483.5
HOQS,557483.5
HOQT,557483.5
HOQU,557483.5
HOQV,557483.5
HOQW,557483.5
HOQX,557483.5
HOQY,557483.5
HOQZ,557483.5
HORR,557483.5
HORS,557483.5
HORT,557483.5
HORU,557483.5
HORV,557483.5
HORW,557483.5
HORX,557483.5
HORY,557483.5
HORZ,557483.5
HOSS,557483.5
HOST,557483.5
HOSU,557483.5
HOSV,557483.5
HOSW,557483.5
HOSX,557483.5
HOSY,557483.5
HOSZ,557483.5
HOTT,557483.5
HOTU,557483.5
HOTV,557483.5
HOTW,557483.5
HOTX,557483.5
HOTY,557483.5
HOTZ,557483.5
HOUU,557483.5
HOUV,557483.5
HOUW,557483.5
HOUX,557483.5
HOUY,557483.5
HOUZ,557483.5
HOVV,557483.5
HOVW,557483.5
HOVX,557483.5
HOVY,557483.5
HOVZ,557483.5
HOWW,557483.5
HOWX,557483.5
HOWY,557483.5
HOWZ,557483.5
HOXX,557483.5
HOXY,557483.5
HOXZ,557483.5
HOYY,557483.5
HOYZ,557483.5
HOZZ,557483.5
HPPP,557483.5
HPPQ,557483.5
HPPR,557483.5
HPPS,557483.5
HPPT,557483.5
HPPU,557483.5
HPPV,557483.5
HPPW,557483.5
HPPX,557483.5
HPPY,557483.5
HPPZ,557483.5
HPQQ,557483.5
HPQR,557483.5
HPQS,557483.5
HPQT,557483.5
HPQU,557483.5
HPQV,557483.5
HPQW,557483.5
HPQX,557483.5
HPQY,557483.5
HPQZ,557483.5
HPRR,557483.5
HPRS,557483.5
HPRT,557483.5
HPRU,557483.5
HPRV,557483.5
HPRW,557483.5
HPRX,557483.5
HPRY,557483.5
HPRZ,557483.5
HPSS,557483.5
HPST,557483.5
HPSU,557483.5
HPSV,557483.5
HPSW,557483.5
HPSX,557483.5
HPSY,557483.5
HPSZ,557483.5
HPTT,557483.5
HPTU,557483.5
HPTV,557483.5
HPTW,557483.5
HPTX,557483.5
HPTY,557483.5
HPTZ,557483.5
HPUU,557483.5
HPUV,557483.5
HPUW,557483.5
HPUX,557483.5
HPUY,557483.5
HPUZ,557483.5
HPVV,557483.5
HPVW,557483.5
HPVX,557483.5
HPVY,557483.5
HPVZ,557483.5
HPWW,557483.5
HPWX,557483.5
HPWY,557483.5
HPWZ,557483.5
HPXX,557483.5
HPXY,557483.5
HPXZ,557483.5
HPYY,557483.5
HPYZ,557483.5
HPZZ,557483.5
HQQQ,557483.5
HQQR,557483.5
HQQS,557483.5
HQQT,557483.5
HQQU,557483.5
HQQV,557483.5
HQQW,557483.5
HQQX,557483.5
HQQY,557483.5
HQQZ,557483.5
HQRR,557483.5
HQRS,557483.5
HQRT,557483.5
HQRU,557483.5
HQRV,557483.5
HQRW,557483.5
HQRX,557483.5
HQRY,557483.5
HQRZ,557483.5
HQSS,557483.5
HQST,557483.5
HQSU,557483.5
HQSV,557483.5
HQSW,557483.5
HQSX,557483.5
HQSY,557483.5
HQSZ,557483.5
HQTT,557483.5
HQTU,557483.5
HQTV,557483.5
HQTW,557483.5
HQTX,557483.5
HQTY,557483.5
HQTZ,557483.5
HQUU,557483.5
HQUV,557483.5
HQUW,557483.5
HQUX,557483.5
HQUY,557483.5
HQUZ,557483.5
HQVV,557483.5
HQVW,557483.5
HQVX,557483.5
HQVY,557483.5
HQVZ,557483.5
HQWW,557483.5
HQWX,557483.5
HQWY,557483.5
HQWZ,557483.5
HQXX,557483.5
HQXY,557483.5
HQXZ,557483.5
HQYY,557483.5
HQYZ,557483.5
HQZZ,557483.5
HRRR,557483.5
HRRS,557483.5
HRRT,557483.5
HRRU,557483.5
HRRV,557483.5
HRRW,557483.5
HRRX,557483.5
HRRY,557483.5
HRRZ,557483.5
HRSS,557483.5
HRST,557483.5
HRSU,557483.5
HRSV,557483.5
HRSW,557483.5
HRSX,557483.5
HRSY,557483.5
HRSZ,557483.5
HRTT,557483.5
HRTU,557483.5
HRTV,557483.5
HRTW,557483.5
HRTX,557483.5
HRTY,557483.5
HRTZ,557483.5
HRUU,557483.5
HRUV,557483.5
HRUW,557483.5
HRUX,557483.5
HRUY,557483.5
HRUZ,557483.5
HRVV,557483.5
HRVW,557483.5
HRVX,557483.5
HRVY,557483.5
HRVZ,557483.5
HRWW,557483.5
HRWX,557483.5
HRWY,557483.5
HRWZ,557483.5
HRXX,557483.5
HRXY,557483.5
HRXZ,557483.5
HRYY,557483.5
HRYZ,557483.5
HRZZ,557483.5
HSSS,557483.5
HSST,557483.5
HSSU,557483.5
HSSV,557483.5
HSSW,557483.5
HSSX,557483.5
HSSY,557483.5
HSSZ,557483.5
HSTT,557483.5
HSTU,557483.5
HSTV,557483.5
HSTW,557483.5
HSTX,557483.5
HSTY,557483.5
HSTZ,557483.5
HSUU,557483.5
HSUV,557483.5
HSUW,557483.5
HSUX,557483.5
HSUY,557483.5
HSUZ,557483.5
HSVV,557483.5
HSVW,557483.5
HSVX,557483.5
HSVY,557483.5
HSVZ,557483.5
HSWW,557483.5
HSWX,557483.5
HSWY,557483.5
HSWZ,557483.5
HSXX,557483.5
HSXY,557483.5
HSXZ,557483.5
HSYY,557483.5
HSYZ,557483.5
HSZZ,557483.5
HTTT,557483.5
HTTU,557483.5
HTTV,557483.5
HTTW,557483.5
HTTX,557483.5
HTTY,557483.5
HTTZ,557483.5
HTUU,557483.5
HTUV,557483.5
HTUW,557483.5
HTUX,557483.5
HTUY,557483.5
HTUZ,557483.5
HTVV,557483.5
HTVW,557483.5
HTVX,557483.5
HTVY,557483.5
HTVZ,557483.5
HTWW,557483.5
HTWX,557483.5
HTWY,557483.5
HTWZ,557483.5
HTXX,557483.5
HTXY,557483.5
HTXZ,557483.5
HTYY,557483.5
HTYZ,557483.5
HTZZ,557483.5
HUUU,557483.5
HUUV,557483.5
HUUW,557483.5
HUUX,557483.5
HUUY,557483.5
HUUZ,557483.5
HUVV,557483.5
HUVW,557483.5
HUVX,557483.5
HUVY,557483.5
HUVZ,557483.5
HUWW,557483.5
HUWX,557483.5
HUWY,557483.5
HUWZ,557483.5
HUXX,557483.5
HUXY,557483.5
HUXZ,557483.5
HUYY,557483.5
HUYZ,557483.5
HUZZ,557483.5
HVVV,557483.5
HVVW,557483.5
HVVX,557483.5
HVVY,557483.5
HVVZ,557483.5
HVWW,557483.5
HVWX,557483.5
HVWY,557483.5
HVWZ,557483.5
HVXX,557483.5
HVXY,557483.5
HVXZ,557483.5
HVYY,557483.5
HVYZ,557483.5
HVZZ,557483.5
HWWW,557483.5
HWWX,557483.5
HWWY,557483.5
HWWZ,557483.5
HWXX,557483.5
HWXY,557483.5
HWXZ,557483.5
HWYY,557483.5
HWYZ,557483.5
HWZZ,557483.5
HXXX,557483.5
HXXY,557483.5
HXXZ,557483.5
HXYY,557483.5
HXYZ,557483.5
HXZZ,557483.5
HYYY,557483.5
HYYZ,557483.5
HYZZ,557483.5
HZZZ,557483.5
IIII,557483.5
IIIJ,557483.5
IIIK,557483.5
IIIL,557483.5
IIIM,557483.5
IIIN,557483.5
IIIO,557483.5
IIIP,557483.5
IIIQ,557483.5
IIIR,557483.5
IIIS,557483.5
IIIT,557483.5
IIIU,557483.5
IIIV,557483.5
IIIW,557483.5
IIIX,557483.5
IIIY,557483.5
IIIZ,557483.5
IIJJ,557483.5
IIJK,557483.5
IIJL,557483.5
IIJM,557483.5
IIJN,557483.5
IIJO,557483.5
IIJP,557483.5
IIJQ,557483.5
IIJR,557483.5
IIJS,557483.5
IIJT,557483.5
IIJU,557483.5
IIJV,557483.5
IIJW,557483.5
IIJX,557483.5
IIJY,557483.5
IIJZ,557483.5
IIKK,557483.5
IIKL,557483.5
IIKM,557483.5
IIKN,557483.5
IIKO,557483.5
IIKP,557483.5
IIKQ,557483.5
IIKR,557483.5
IIKS,557483.5
IIKT,557483.5
IIKU,557483.5
IIKV,557483.5
IIKW,557483.5
IIKX,557483.5
IIKY,557483.5
IIKZ,557483.5
IILL,557483.5
IILM,557483.5
IILN,557483.5
IILO,557483.5
IILP,557483.5
IILQ,557483.5
IILR,557483.5
IILS,557483.5
IILT,557483.5
IILU,557483.5
IILV,557483.5
IILW,557483.5
IILX,557483.5
IILY,557483.5
IILZ,557483.5
IIMM,557483.5
IIMN,557483.5
IIMO,557483.5
IIMP,557483.5
IIMQ,557483.5
IIMR,557483.5
IIMS,557483.5
IIMT,557483.5
IIMU,557483.5
IIMV,557483.5
IIMW,557483.5
IIMX,557483.5
IIMY,557483.5
IIMZ,557483.5
IINN,557483.5
IINO,557483.5
IINP,557483.5
IINQ,557483.5
IINR,557483.5
IINS,557483.5
IINT,557483.5
IINU,557483.5
IINV,557483.5
IINW,557483.5
IINX,557483.5
IINY,557483.5
IINZ,557483.5
IIOO,557483.5
IIOP,557483.5
IIOQ,557483.5
IIOR,557483.5
IIOS,557483.5
IIOT,557483.5
IIOU,557483.5
IIOV,557483.5
IIOW,557483.5
IIOX,557483.5
IIOY,557483.5
IIOZ,557483.5
IIPP,557483.5
IIPQ,557483.5
IIPR,557483.5
IIPS,557483.5
IIPT,557483.5
IIPU,557483.5
IIPV,557483.5
IIPW,557483.5
IIPX,557483.5
IIPY,557483.5
IIPZ,557483.5
IIQQ,557483.5
IIQR,557483.5
IIQS,557483.5
IIQT,557483.5
IIQU,557483.5
IIQV,557483.5
IIQW,557483.5
IIQX,557483.5
IIQY,557483.5
IIQZ,557483.5
IIRR,557483.5
IIRS,557483.5
IIRT,557483.5
IIRU,557483.5
IIRV,557483.5
IIRW,557483.5
IIRX,557483.5
IIRY,557483.5
IIRZ,557483.5
IISS,557483.5
IIST,557483.5
IISU,557483.5
IISV,557483.5
IISW,557483.5
IISX,557483.5
IISY,557483.5
IISZ,557483.5
IITT,557483.5
IITU,557483.5
IITV,557483.5
IITW,557483.5
IITX,557483.5
IITY,557483.5
IITZ,557483.5
IIUU,557483.5
IIUV,557483.5
IIUW,557483.5
IIUX,557483.5
IIUY,557483.5
IIUZ,557483.5
IIVV,557483.5
IIVW,557483.5
IIVX,557483.5
IIVY,557483.5
IIVZ,557483.5
IIWW,557483.5
IIWX,557483.5
IIWY,557483.5
IIWZ,557483.5
IIXX,557483.5
IIXY,557483.5
IIXZ,557483.5
IIYY,557483.5
IIYZ,557483.5
IIZZ,557483.5
IJJJ,557483.5
IJJK,557483.5
IJJL,557483.5
IJJM,557483.5
IJJN,557483.5
IJJO,557483.5
IJJP,557483.5
IJJQ,557483.5
IJJR,557483.5
IJJS,557483.5
IJJT,557483.5
IJJU,557483.5
IJJV,557483.5
IJJW,557483.5
IJJX,557483.5
IJJY,557483.5
IJJZ,557483.5
IJKK,557483.5
IJKL,557483.5
IJKM,557483.5
IJKN,557483.5
IJKO,557483.5
IJKP,557483.5
IJKQ,557483.5
IJKR,557483.5
IJKS,557483.5
IJKT,557483.5
IJKU,557483.5
IJKV,557483.5
IJKW,557483.5
IJKX,557483.5
IJKY,557483.5
IJKZ,557483.5
IJLL,557483.5
IJLM,557483.5
IJLN,557483.5
IJLO,557483.5
IJLP,557483.5
IJLQ,557483.5
IJLR,557483.5
IJLS,557483.5
IJLT,557483.5
IJLU,557483.5
IJLV,557483.5
IJLW,557483.5
IJLX,557483.5
IJLY,557483.5
IJLZ,557483.5
IJMM,557483.5
IJMN,557483.5
IJMO,557483.5
IJMP,557483.5
IJMQ,557483.5
IJMR,557483.5
IJMS,557483.5
IJMT,557483.5
IJMU,557483.5
IJMV,557483.5
IJMW,557483.5
IJMX,557483.5
IJMY,557483.5
IJMZ,557483.5
IJNN,557483.5
IJNO,557483.5
IJNP,557483.5
IJNQ,557483.5
IJNR,557483.5
IJNS,557483.5
IJNT,557483.5
IJNU,557483.5
IJNV,557483.5
IJNW,557483.5
IJNX,557483.5
IJNY,557483.5
IJNZ,557483.5
IJOO,557483.5
IJOP,557483.5
IJOQ,557483.5
IJOR,557483.5
IJOS,557483.5
IJOT,557483.5
IJOU,557483.5
IJOV,557483.5
IJOW,557483.5
IJOX,557483.5
IJOY,557483.5
IJOZ,557483.5
IJPP,557483.5
IJPQ,557483.5
IJPR,557483.5
IJPS,557483.5
IJPT,557483.5
IJPU,557483.5
IJPV,557483.5
IJPW,557483.5
IJPX,557483.5
IJPY,557483.5
IJPZ,557483.5
IJQQ,557483.5
IJQR,557483.5
IJQS,557483.5
IJQT,557483.5
IJQU,557483.5
IJQV,557483.5
IJQW,557483.5
IJQX,557483.5
IJQY,557483.5
IJQZ,557483.5
IJRR,557483.5
IJRS,557483.5
IJRT,557483.5
IJRU,557483.5
IJRV,557483.5
IJRW,557483.5
IJRX,557483.5
IJRY,557483.5
IJRZ,557483.5
IJSS,557483.5
IJST,557483.5
IJSU,557483.5
IJSV,557483.5
IJSW,557483.5
IJSX,557483.5
IJSY,557483.5
IJSZ,557483.5
IJTT,557483.5
IJTU,557483.5
IJTV,557483.5
IJTW,557483.5
IJTX,557483.5
IJTY,557483.5
IJTZ,557483.5
IJUU,557483.5
IJUV,557483.5
IJUW,557483.5
IJUX,557483.5
IJUY,557483.5
IJUZ,557483.5
IJVV,557483.5
IJVW,557483.5
IJVX,557483.5
IJVY,557483.5
IJVZ,557483.5
IJWW,557483.5
IJWX,557483.5
IJWY,557483.5
IJWZ,557483.5
IJXX,557483.5
IJXY,557483.5
IJXZ,557483.5
IJYY,557483.5
IJYZ,557483.5
IJZZ,557483.5
IKKK,557483.5
IKKL,557483.5
IKKM,557483.5
IKKN,557483.5
IKKO,557483.5
IKKP,557483.5
IKKQ,557483.5
IKKR,557483.5
IKKS,557483.5
IKKT,557483.5
IKKU,557483.5
IKKV,557483.5
IKKW,557483.5
IKKX,557483.5
IKKY,557483.5
IKKZ,557483.5
IKLL,557483.5
IKLM,557483.5
IKLN,557483.5
IKLO,557483.5
IKLP,557483.5
IKLQ,557483.5
IKLR,557483.5
IKLS,557483.5
IKLT,557483.5
IKLU,557483.5
IKLV,557483.5
IKLW,557483.5
IKLX,557483.5
IKLY,557483.5
IKLZ,557483.5
IKMM,557483.5
IKMN,557483.5
IKMO,557483.5
IKMP,557483.5
IKMQ,557483.5
IKMR,557483.5
IKMS,557483.5
IKMT,557483.5
IKMU,557483.5
IKMV,557483.5
IKMW,557483.5
IKMX,557483.5
IKMY,557483.5
IKMZ,557483.5
IKNN,557483.5
IKNO,557483.5
IKNP,557483.5
IKNQ,557483.5
IKNR,557483.5
IKNS,557483.5
IKNT,557483.5
IKNU,557483.5
IKNV,557483.5
IKNW,557483.5
IKNX,557483.5
IKNY,557483.5
IKNZ,557483.5
IKOO,557483.5
IKOP,557483.5
IKOQ,557483.5
IKOR,557483.5
IKOS,557483.5
IKOT,557483.5
IKOU,557483.5
IKOV,557483.5
IKOW,557483.5
IKOX,557483.5
IKOY,557483.5
IKOZ,557483.5
IKPP,557483.5
IKPQ,557483.5
IKPR,557483.5
IKPS,557483.5
IKPT,557483.5
IKPU,557483.5
IKPV,557483.5
IKPW,557483.5
IKPX,557483.5
IKPY,557483.5
IKPZ,557483.5
IKQQ,557483.5
IKQR,557483.5
IKQS,557483.5
IKQT,557483.5
IKQU,557483.5
IKQV,557483.5
IKQW,557483.5
IKQX,557483.5
IKQY,557483.5
IKQZ,557483.5
IKRR,557483.5
IKRS,557483.5
IKRT,557483.5
IKRU,557483.5
IKRV,557483.5
IKRW,557483.5
IKRX,557483.5
IKRY,557483.5
IKRZ,557483.5
IKSS,557483.5
IKST,557483.5
IKSU,557483.5
IKSV,557483.5
IKSW,557483.5
IKSX,557483.5
IKSY,557483.5
IKSZ,557483.5
IKTT,557483.5
IKTU,557483.5
IKTV,557483.5
IKTW,557483.5
IKTX,557483.5
IKTY,557483.5
IKTZ,557483.5
IKUU,557483.5
IKUV,557483.5
IKUW,557483.5
IKUX,557483.5
IKUY,557483.5
IKUZ,557483.5
IKVV,557483.5
IKVW,557483.5
IKVX,557483.5
IKVY,557483.5
IKVZ,557483.5
IKWW,557483.5
IKWX,557483.5
IKWY,557483.5
IKWZ,557483.5
IKXX,557483.5
IKXY,557483.5
IKXZ,557483.5
IKYY,557483.5
IKYZ,557483.5
IKZZ,557483.5
ILLL,557483.5
ILLM,557483.5
ILLN,557483.5
ILLO,557483.5
ILLP,557483.5
ILLQ,557483.5
ILLR,557483.5
ILLS,557483.5
ILLT,557483.5
ILLU,557483.5
ILLV,557483.5
ILLW,557483.5
ILLX,557483.5
ILLY,557483.5
ILLZ,557483.5
ILMM,557483.5
ILMN,557483.5
ILMO,557483.5
ILMP,557483.5
ILMQ,557483.5
ILMR,557483.5
ILMS,557483.5
ILMT,557483.5
ILMU,557483.5
ILMV,557483.5
ILMW,557483.5
ILMX,557483.5
ILMY,557483.5
ILMZ,557483.5
ILNN,557483.5
ILNO,557483.5
ILNP,557483.5
ILNQ,557483.5
ILNR,557483.5
ILNS,557483.5
ILNT,557483.5
ILNU,557483.5
ILNV,557483.5
ILNW,557483.5
ILNX,557483.5
ILNY,557483.5
ILNZ,557483.5
ILOO,557483.5
ILOP,557483.5
ILOQ,557483.5
ILOR,557483.5
ILOS,557483.5
ILOT,557483.5
ILOU,557483.5
ILOV,557483.5
ILOW,557483.5
ILOX,557483.5
ILOY,557483.5
ILOZ,557483.5
ILPP,557483.5
ILPQ,557483.5
ILPR,557483.5
ILPS,557483.5
ILPT,557483.5
ILPU,557483.5
ILPV,557483.5
ILPW,557483.5
ILPX,557483.5
ILPY,557483.5
ILPZ,557483.5
ILQQ,557483.5
ILQR,557483.5
ILQS,557483.5
ILQT,557483.5
ILQU,557483.5
ILQV,557483.5
ILQW,557483.5
ILQX,557483.5
ILQY,557483.5
ILQZ,557483.5
ILRR,557483.5
ILRS,557483.5
ILRT,557483.5
ILRU,557483.5
ILRV,557483.5
ILRW,557483.5
ILRX,557483.5
ILRY,557483.5
ILRZ,557483.5
ILSS,557483.5
ILST,557483.5
ILSU,557483.5
ILSV,557483.5
ILSW,557483.5
ILSX,557483.5
ILSY,557483.5
ILSZ,557483.5
ILTT,557483.5
ILTU,557483.5
ILTV,557483.5
ILTW,557483.5
ILTX,557483.5
ILTY,557483.5
ILTZ,557483.5
ILUU,557483.5
ILUV,557483.5
ILUW,557483.5
ILUX,557483.5
ILUY,557483.5
ILUZ,557483.5
ILVV,557483.5
ILVW,557483.5
ILVX,557483.5
ILVY,557483.5
ILVZ,557483.5
ILWW,557483.5
ILWX,557483.5
ILWY,557483.5
ILWZ,557483.5
ILXX,557483.5
ILXY,557483.5
ILXZ,557483.5
ILYY,557483.5
ILYZ,557483.5
ILZZ,557483.5
IMMM,557483.5
IMMN,557483.5
IMMO,557483.5
IMMP,557483.5
IMMQ,557483.5
IMMR,557483.5
IMMS,557483.5
IMMT,557483.5
IMMU,557483.5
IMMV,557483.5
IMMW,557483.5
IMMX,557483.5
IMMY,557483.5
IMMZ,557483.5
IMNN,557483.5
IMNO,557483.5
IMNP,557483.5
IMNQ,557483.5
IMNR,557483.5
IMNS,557483.5
IMNT,557483.5
IMNU,557483.5
IMNV,557483.5
IMNW,557483.5
IMNX,557483.5
IMNY,557483.5
IMNZ,557483.5
IMOO,557483.5
IMOP,557483.5
IMOQ,557483.5
IMOR,557483.5
IMOS,557483.5
IMOT,557483.5
IMOU,557483.5
IMOV,557483.5
IMOW,557483.5
IMOX,557483.5
IMOY,557483.5
IMOZ,557483.5
IMPP,557483.5
IMPQ,557483.5
IMPR,557483.5
IMPS,557483.5
IMPT,557483.5
IMPU,557483.5
IMPV,557483.5
IMPW,557483.5
IMPX,557483.5
IMPY,557483.5
IMPZ,557483.5
IMQQ,557483.5
IMQR,557483.5
IMQS,557483.5
IMQT,557483.5
IMQU,557483.5
IMQV,557483.5
IMQW,557483.5
IMQX,557483.5
IMQY,557483.5
IMQZ,557483.5
IMRR,557483.5
IMRS,557483.5
IMRT,557483.5
IMRU,557483.5
IMRV,557483.5
IMRW,557483.5
IMRX,557483.5
IMRY,557483.5
IMRZ,557483.5
IMSS,557483.5
IMST,557483.5
IMSU,557483.5
IMSV,557483.5
IMSW,557483.5
IMSX,557483.5
IMSY,557483.5
IMSZ,557483.5
IMTT,557483.5
IMTU,557483.5
IMTV,557483.5
IMTW,557483.5
IMTX,557483.5
IMTY,557483.5
IMTZ,557483.5
IMUU,557483.5
IMUV,557483.5
IMUW,557483.5
IMUX,557483.5
IMUY,557483.5
IMUZ,557483.5
IMVV,557483.5
IMVW,557483.5
IMVX,557483.5
IMVY,557483.5
IMVZ,557483.5
IMWW,557483.5
IMWX,557483.5
IMWY,557483.5
IMWZ,557483.5
IMXX,557483.5
IMXY,557483.5
IMXZ,557483.5
IMYY,557483.5
IMYZ,557483.5
IMZZ,557483.5
INNN,557483.5
INNO,557483.5
INNP,557483.5
INNQ,557483.5
INNR,557483.5
INNS,557483.5
INNT,557483.5
INNU,557483.5
INNV,557483.5
INNW,557483.5
INNX,557483.5
INNY,557483.5
INNZ,557483.5
INOO,557483.5
INOP,557483.5
INOQ,557483.5
INOR,557483.5
INOS,557483.5
INOT,557483.5
INOU,557483.5
INOV,557483.5
INOW,557483.5
INOX,557483.5
INOY,557483.5
INOZ,557483.5
INPP,557483.5
INPQ,557483.5
INPR,557483.5
INPS,557483.5
INPT,557483.5
INPU,557483.5
INPV,557483.5
INPW,557483.5
INPX,557483.5
INPY,557483.5
INPZ,557483.5
INQQ,557483.5
INQR,557483.5
INQS,557483.5
INQT,557483.5
INQU,557483.5
INQV,557483.5
INQW,557483.5
INQX,557483.5
INQY,557483.5
INQZ,557483.5
INRR,557483.5
INRS,557483.5
INRT,557483.5
INRU,557483.5
INRV,557483.5
INRW,557483.5
INRX,557483.5
INRY,557483.5
INRZ,557483.5
INSS,557483.5
INST,557483.5
INSU,557483.5
INSV,557483.5
INSW,557483.5
INSX,557483.5
INSY,557483.5
INSZ,557483.5
INTT,557483.5
INTU,557483.5
INTV,557483.5
INTW,557483.5
INTX,557483.5
INTY,557483.5
INTZ,557483.5
INUU,557483.5
INUV,557483.5
INUW,557483.5
INUX,557483.5
INUY,557483.5
INUZ,557483.5
INVV,557483.5
INVW,557483.5
INVX,557483.5
INVY,557483.5
INVZ,557483.5
INWW,557483.5
INWX,557483.5
INWY,557483.5
INWZ,557483.5
INXX,557483.5
INXY,557483.5
INXZ,557483.5
INYY,557483.5
INYZ,557483.5
INZZ,557483.5
IOOO,557483.5
IOOP,557483.5
IOOQ,557483.5
IOOR,557483.5
IOOS,557483.5
IOOT,557483.5
IOOU,557483.5
IOOV,557483.5
IOOW,557483.5
IOOX,557483.5
IOOY,557483.5
IOOZ,557483.5
IOPP,557483.5
IOPQ,557483.5
IOPR,557483.5
IOPS,557483.5
IOPT,557483.5
IOPU,557483.5
IOPV,557483.5
IOPW,557483.5
IOPX,557483.5
IOPY,557483.5
IOPZ,557483.5
IOQQ,557483.5
IOQR,557483.5
IOQS,557483.5
IOQT,557483.5
IOQU,557483.5
IOQV,557483.5
IOQW,557483.5
IOQX,557483.5
IOQY,557483.5
IOQZ,557483.5
IORR,557483.5
IORS,557483.5
IORT,557483.5
IORU,557483.5
IORV,557483.5
IORW,557483.5
IORX,557483.5
IORY,557483.5
IORZ,557483.5
IOSS,557483.5
IOST,557483.5
IOSU,557483.5
IOSV,557483.5
IOSW,557483.5
IOSX,557483.5
IOSY,557483.5
IOSZ,557483.5
IOTT,557483.5
IOTU,557483.5
IOTV,557483.5
IOTW,557483.5
IOTX,557483.5
IOTY,557483.5
IOTZ,557483.5
IOUU,557483.5
IOUV,557483.5
IOUW,557483.5
IOUX,557483.5
IOUY,557483.5
IOUZ,557483.5
IOVV,557483.5
IOVW,557483.5
IOVX,557483.5
IOVY,557483.5
IOVZ,557483.5
IOWW,557483.5
IOWX,557483.5
IOWY,557483.5
IOWZ,557483.5
IOXX,557483.5
IOXY,557483.5
IOXZ,557483.5
IOYY,557483.5
IOYZ,557483.5
IOZZ,557483.5
IPPP,557483.5
IPPQ,557483.5
IPPR,557483.5
IPPS,557483.5
IPPT,557483.5
IPPU,557483.5
IPPV,557483.5
IPPW,557483.5
IPPX,557483.5
IPPY,557483.5
IPPZ,557483.5
IPQQ,557483.5
IPQR,557483.5
IPQS,557483.5
IPQT,557483.5
IPQU,557483.5
IPQV,557483.5
IPQW,557483.5
IPQX,557483.5
IPQY,557483.5
IPQZ,557483.5
IPRR,557483.5
IPRS,557483.5
IPRT,557483.5
IPRU,557483.5
IPRV,557483.5
IPRW,557483.5
IPRX,557483.5
IPRY,557483.5
IPRZ,557483.5
IPSS,557483.5
IPST,557483.5
IPSU,557483.5
IPSV,557483.5
IPSW,557483.5
IPSX,557483.5
IPSY,557483.5
IPSZ,557483.5
IPTT,557483.5
IPTU,557483.5
IPTV,557483.5
IPTW,557483.5
IPTX,557483.5
IPTY,557483.5
IPTZ,557483.5
IPUU,557483.5
IPUV,557483.5
IPUW,557483.5
IPUX,557483.5
IPUY,557483.5
IPUZ,557483.5
IPVV,557483.5
IPVW,557483.5
IPVX,557483.5
IPVY,557483.5
IPVZ,557483.5
IPWW,557483.5
IPWX,557483.5
IPWY,557483.5
IPWZ,557483.5
IPXX,557483.5
IPXY,557483.5
IPXZ,557483.5
IPYY,557483.5
IPYZ,557483.5
IPZZ,557483.5
IQQQ,557483.5
IQQR,557483.5
IQQS,557483.5
IQQT,557483.5
IQQU,557483.5
IQQV,557483.5
IQQW,557483.5
IQQX,557483.5
IQQY,557483.5
IQQZ,557483.5
IQRR,557483.5
IQRS,557483.5
IQRT,557483.5
IQRU,557483.5
IQRV,557483.5
IQRW,557483.5
IQRX,557483.5
IQRY,557483.5
IQRZ,557483.5
IQSS,557483.5
IQST,557483.5
IQSU,557483.5
IQSV,557483.5
IQSW,557483.5
IQSX,557483.5
IQSY,557483.5
IQSZ,557483.5
IQTT,557483.5
IQTU,557483.5
IQTV,557483.5
IQTW,557483.5
IQTX,557483.5
IQTY,557483.5
IQTZ,557483.5
IQUU,557483.5
IQUV,557483.5
IQUW,557483.5
IQUX,557483.5
IQUY,557483.5
IQUZ,557483.5
IQVV,557483.5
IQVW,557483.5
IQVX,557483.5
IQVY,557483.5
IQVZ,557483.5
IQWW,557483.5
IQWX,557483.5
IQWY,557483.5
IQWZ,557483.5
IQXX,557483.5
IQXY,557483.5
IQXZ,557483.5
IQYY,557483.5
IQYZ,557483.5
IQZZ,557483.5
IRRR,557483.5
IRRS,557483.5
IRRT,557483.5
IRRU,557483.5
IRRV,557483.5
IRRW,557483.5
IRRX,557483.5
IRRY,557483.5
IRRZ,557483.5
IRSS,557483.5
IRST,557483.5
IRSU,557483.5
IRSV,557483.5
IRSW,557483.5
IRSX,557483.5
IRSY,557483.5
IRSZ,557483.5
IRTT,557483.5
IRTU,557483.5
IRTV,557483.5
IRTW,557483.5
IRTX,557483.5
IRTY,557483.5
IRTZ,557483.5
IRUU,557483.5
IRUV,557483.5
IRUW,557483.5
IRUX,557483.5
IRUY,557483.5
IRUZ,557483.5
IRVV,557483.5
IRVW,557483.5
IRVX,557483.5
IRVY,557483.5
IRVZ,557483.5
IRWW,557483.5
IRWX,557483.5
IRWY,557483.5
IRWZ,557483.5
IRXX,557483.5
IRXY,557483.5
IRXZ,557483.5
IRYY,557483.5
IRYZ,557483.5
IRZZ,557483.5
ISSS,557483.5
ISST,557483.5
ISSU,557483.5
ISSV,557483.5
ISSW,557483.5
ISSX,557483.5
ISSY,557483.5
ISSZ,557483.5
ISTT,557483.5
ISTU,557483.5
ISTV,557483.5
ISTW,557483.5
ISTX,557483.5
ISTY,557483.5
ISTZ,557483.5
ISUU,557483.5
ISUV,557483.5
ISUW,557483.5
ISUX,557483.5
ISUY,557483.5
ISUZ,557483.5
ISVV,557483.5
ISVW,557483.5
ISVX,557483.5
ISVY,557483.5
ISVZ,557483.5
ISWW,557483.5
ISWX,557483.5
ISWY,557483.5
ISWZ,557483.5
ISXX,557483.5
ISXY,557483.5
ISXZ,557483.5
ISYY,557483.5
ISYZ,557483.5
ISZZ,557483.5
ITTT,557483.5
ITTU,557483.5
ITTV,557483.5
ITTW,557483.5
ITTX,557483.5
ITTY,557483.5
ITTZ,557483.5
ITUU,557483.5
ITUV,557483.5
ITUW,557483.5
ITUX,557483.5
ITUY,557483.5
ITUZ,557483.5
ITVV,557483.5
ITVW,557483.5
ITVX,557483.5
ITVY,557483.5
ITVZ,557483.5
ITWW,557483.5
ITWX,557483.5
ITWY,557483.5
ITWZ,557483.5
ITXX,557483.5
ITXY,557483.5
ITXZ,557483.5
ITYY,557483.5
ITYZ,557483.5
ITZZ,557483.5
IUUU,557483.5
IUUV,557483.5
IUUW,557483.5
IUUX,557483.5
IUUY,557483.5
IUUZ,557483.5
IUVV,557483.5
IUVW,557483.5
IUVX,557483.5
IUVY,557483.5
IUVZ,557483.5
IUWW,557483.5
IUWX,557483.5
IUWY,557483.5
IUWZ,557483.5
IUXX,557483.5
IUXY,557483.5
IUXZ,557483.5
IUYY,557483.5
IUYZ,557483.5
IUZZ,557483.5
IVVV,557483.5
IVVW,557483.5
IVVX,557483.5
IVVY,557483.5
IVVZ,557483.5
IVWW,557483.5
IVWX,557483.5
IVWY,557483.5
IVWZ,557483.5
IVXX,557483.5
IVXY,557483.5
IVXZ,557483.5
IVYY,557483.5
IVYZ,557483.5
IVZZ,557483.5
IWWW,557483.5
IWWX,557483.5
IWWY,557483.5
IWWZ,557483.5
IWXX,557483.5
IWXY,557483.5
IWXZ,557483.5
IWYY,557483.5
IWYZ,557483.5
IWZZ,557483.5
IXXX,557483.5
IXXY,557483.5
IXXZ,557483.5
IXYY,557483.5
IXYZ,557483.5
IXZZ,557483.5
IYYY,557483.5
IYYZ,557483.5
IYZZ,557483.5
IZZZ,557483.5
JJJJ,557483.5
JJJK,557483.5
JJJL,557483.5
JJJM,557483.5
JJJN,557483.5
JJJO,557483.5
JJJP,557483.5
JJJQ,557483.5
JJJR,557483.5
JJJS,557483.5
JJJT,557483.5
JJJU,557483.5
JJJV,557483.5
JJJW,557483.5
JJJX,557483.5
JJJY,557483.5
JJJZ,557483.5
JJKK,557483.5
JJKL,557483.5
JJKM,557483.5
JJKN,557483.5
JJKO,557483.5
JJKP,557483.5
JJKQ,557483.5
JJKR,557483.5
JJKS,557483.5
JJKT,557483.5
JJKU,557483.5
JJKV,557483.5
JJKW,557483.5
JJKX,557483.5
JJKY,557483.5
JJKZ,557483.5
JJLL,557483.5
JJLM,557483.5
JJLN,557483.5
JJLO,557483.5
JJLP,557483.5
JJLQ,557483.5
JJLR,557483.5
JJLS,557483.5
JJLT,557483.5
JJLU,557483.5
JJLV,557483.5
JJLW,557483.5
JJLX,557483.5
JJLY,557483.5
JJLZ,557483.5
JJMM,557483.5
JJMN,557483.5
JJMO,557483.5
JJMP,557483.5
JJMQ,557483.5
JJMR,557483.5
JJMS,557483.5
JJMT,557483.5
JJMU,557483.5
JJMV,557483.5
JJMW,557483.5
JJMX,557483.5
JJMY,557483.5
JJMZ,557483.5
JJNN,557483.5
JJNO,557483.5
JJNP,557483.5
JJNQ,557483.5
JJNR,557483.5
JJNS,557483.5
JJNT,557483.5
JJNU,557483.5
JJNV,557483.5
JJNW,557483.5
JJNX,557483.5
JJNY,557483.5
JJNZ,557483.5
JJOO,557483.5
JJOP,557483.5
JJOQ,557483.5
JJOR,557483.5
JJOS,557483.5
JJOT,557483.5
JJOU,557483.5
JJOV,557483.5
JJOW,557483.5
JJOX,557483.5
JJOY,557483.5
JJOZ,557483.5
JJPP,557483.5
JJPQ,557483.5
JJPR,557483.5
JJPS,557483.5
JJPT,557483.5
JJPU,557483.5
JJPV,557483.5
JJPW,557483.5
JJPX,557483.5
JJPY,557483.5
JJPZ,557483.5
JJQQ,557483.5
JJQR,557483.5
JJQS,557483.5
JJQT,557483.5
JJQU,557483.5
JJQV,557483.5
JJQW,557483.5
JJQX,557483.5
JJQY,557483.5
JJQZ,557483.5
JJRR,557483.5
JJRS,557483.5
JJRT,557483.5
JJRU,557483.5
JJRV,557483.5
JJRW,557483.5
JJRX,557483.5
JJRY,557483.5
JJRZ,557483.5
JJSS,557483.5
JJST,557483.5
JJSU,557483.5
JJSV,557483.5
JJSW,557483.5
JJSX,557483.5
JJSY,557483.5
JJSZ,557483.5
JJTT,557483.5
JJTU,557483.5
JJTV,557483.5
JJTW,557483.5
JJTX,557483.5
JJTY,557483.5
JJTZ,557483.5
JJUU,557483.5
JJUV,557483.5
JJUW,557483.5
JJUX,557483.5
JJUY,557483.5
JJUZ,557483.5
JJVV,557483.5
JJVW,557483.5
JJVX,557483.5
JJVY,557483.5
JJVZ,557483.5
JJWW,557483.5
JJWX,557483.5
JJWY,557483.5
JJWZ,557483.5
JJXX,557483.5
JJXY,557483.5
JJXZ,557483.5
JJYY,557483.5
JJYZ,557483.5
JJZZ,557483.5
JKKK,557483.5
JKKL,557483.5
JKKM,557483.5
JKKN,557483.5
JKKO,557483.5
JKKP,557483.5
JKKQ,557483.5
JKKR,557483.5
JKKS,557483.5
JKKT,557483.5
JKKU,557483.5
JKKV,557483.5
JKKW,557483.5
JKKX,557483.5
JKKY,557483.5
JKKZ,557483.5
JKLL,557483.5
JKLM,557483.5
JKLN,557483.5
JKLO,557483.5
JKLP,557483.5
JKLQ,557483.5
JKLR,557483.5
JKLS,557483.5
JKLT,557483.5
JKLU,557483.5
JKLV,557483.5
JKLW,557483.5
JKLX,557483.5
JKLY,557483.5
JKLZ,557483.5
JKMM,557483.5
JKMN,557483.5
JKMO,557483.5
JKMP,557483.5
JKMQ,557483.5
JKMR,557483.5
JKMS,557483.5
JKMT,557483.5
JKMU,557483.5
JKMV,557483.5
JKMW,557483.5
JKMX,557483.5
JKMY,557483.5
JKMZ,557483.5
JKNN,557483.5
JKNO,557483.5
JKNP,557483.5
JKNQ,557483.5
JKNR,557483.5
JKNS,557483.5
JKNT,557483.5
JKNU,557483.5
JKNV,557483.5
JKNW,557483.5
JKNX,557483.5
JKNY,557483.5
JKNZ,557483.5
JKOO,557483.5
JKOP,557483.5
JKOQ,557483.5
JKOR,557483.5
JKOS,557483.5
JKOT,557483.5
JKOU,557483.5
JKOV,557483.5
JKOW,557483.5
JKOX,557483.5
JKOY,557483.5
JKOZ,557483.5
JKPP,557483.5
JKPQ,557483.5
JKPR,557483.5
JKPS,557483.5
JKPT,557483.5
JKPU,557483.5
JKPV,557483.5
JKPW,557483.5
JKPX,557483.5
JKPY,557483.5
JKPZ,557483.5
JKQQ,557483.5
JKQR,557483.5
JKQS,557483.5
JKQT,557483.5
JKQU,557483.5
JKQV,557483.5
JKQW,557483.5
JKQX,557483.5
JKQY,557483.5
JKQZ,557483.5
JKRR,557483.5
JKRS,557483.5
JKRT,557483.5
JKRU,557483.5
JKRV,557483.5
JKRW,557483.5
JKRX,557483.5
JKRY,557483.5
JKRZ,557483.5
JKSS,557483.5
JKST,557483.5
JKSU,557483.5
JKSV,557483.5
JKSW,557483.5
JKSX,557483.5
JKSY,557483.5
JKSZ,557483.5
JKTT,557483.5
JKTU,557483.5
JKTV,557483.5
JKTW,557483.5
JKTX,557483.5
JKTY,557483.5
JKTZ,557483.5
JKUU,557483.5
JKUV,557483.5
JKUW,557483.5
JKUX,557483.5
JKUY,557483.5
JKUZ,557483.5
JKVV,557483.5
JKVW,557483.5
JKVX,557483.5
JKVY,557483.5
JKVZ,557483.5
JKWW,557483.5
JKWX,557483.5
JKWY,557483.5
JKWZ,557483.5
JKXX,557483.5
JKXY,557483.5
JKXZ,557483.5
JKYY,557483.5
JKYZ,557483.5
JKZZ,557483.5
JLLL,557483.5
JLLM,557483.5
JLLN,557483.5
JLLO,557483.5
JLLP,557483.5
JLLQ,557483.5
JLLR,557483.5
JLLS,557483.5
JLLT,557483.5
JLLU,557483.5
JLLV,557483.5
JLLW,557483.5
JLLX,557483.5
JLLY,557483.5
JLLZ,557483.5
JLMM,557483.5
JLMN,557483.5
JLMO,557483.5
JLMP,557483.5
JLMQ,557483.5
JLMR,557483.5
JLMS,557483.5
JLMT,557483.5
JLMU,557483.5
JLMV,557483.5
JLMW,557483.5
JLMX,557483.5
JLMY,557483.5
JLMZ,557483.5
JLNN,557483.5
JLNO,557483.5
JLNP,557483.5
JLNQ,557483.5
JLNR,557483.5
JLNS,557483.5
JLNT,557483.5
JLNU,557483.5
JLNV,557483.5
JLNW,557483.5
JLNX,557483.5
JLNY,557483.5
JLNZ,557483.5
JLOO,557483.5
JLOP,557483.5
JLOQ,557483.5
JLOR,557483.5
JLOS,557483.5
JLOT,557483.5
JLOU,557483.5
JLOV,557483.5
JLOW,557483.5
JLOX,557483.5
JLOY,557483.5
JLOZ,557483.5
JLPP,557483.5
JLPQ,557483.5
JLPR,557483.5
JLPS,557483.5
JLPT,557483.5
JLPU,557483.5
JLPV,557483.5
JLPW,557483.5
JLPX,557483.5
JLPY,557483.5
JLPZ,557483.5
JLQQ,557483.5
JLQR,557483.5
JLQS,557483.5
JLQT,557483.5
JLQU,557483.5
JLQV,557483.5
JLQW,557483.5
JLQX,557483.5
JLQY,557483.5
JLQZ,557483.5
JLRR,557483.5
JLRS,557483.5
JLRT,557483.5
JLRU,557483.5
JLRV,557483.5
JLRW,557483.5
JLRX,557483.5
JLRY,557483.5
JLRZ,557483.5
JLSS,557483.5
JLST,557483.5
JLSU,557483.5
JLSV,557483.5
JLSW,557483.5
JLSX,557483.5
JLSY,557483.5
JLSZ,557483.5
JLTT,557483.5
JLTU,557483.5
JLTV,557483.5
JLTW,557483.5
JLTX,557483.5
JLTY,557483.5
JLTZ,557483.5
JLUU,557483.5
JLUV,557483.5
JLUW,557483.5
JLUX,557483.5
JLUY,557483.5
JLUZ,557483.5
JLVV,557483.5
JLVW,557483.5
JLVX,557483.5
JLVY,557483.5
JLVZ,557483.5
JLWW,557483.5
JLWX,557483.5
JLWY,557483.5
JLWZ,557483.5
JLXX,557483.5
JLXY,557483.5
JLXZ,557483.5
JLYY,557483.5
JLYZ,557483.5
JLZZ,557483.5
JMMM,557483.5
JMMN,557483.5
JMMO,557483.5
JMMP,557483.5
JMMQ,557483.5
JMMR,557483.5
JMMS,557483.5
JMMT,557483.5
JMMU,557483.5
JMMV,557483.5
JMMW,557483.5
JMMX,557483.5
JMMY,557483.5
JMMZ,557483.5
JMNN,557483.5
JMNO,557483.5
JMNP,557483.5
JMNQ,557483.5
JMNR,557483.5
JMNS,557483.5
JMNT,557483.5
JMNU,557483.5
JMNV,557483.5
JMNW,557483.5
JMNX,557483.5
JMNY,557483.5
JMNZ,557483.5
JMOO,557483.5
JMOP,557483.5
JMOQ,557483.5
JMOR,557483.5
JMOS,557483.5
JMOT,557483.5
JMOU,557483.5
JMOV,557483.5
JMOW,557483.5
JMOX,557483.5
JMOY,557483.5
JMOZ,557483.5
JMPP,557483.5
JMPQ,557483.5
JMPR,557483.5
JMPS,557483.5
JMPT,557483.5
JMPU,557483.5
JMPV,557483.5
JMPW,557483.5
JMPX,557483.5
JMPY,557483.5
JMPZ,557483.5
JMQQ,557483.5
JMQR,557483.5
JMQS,557483.5
JMQT,557483.5
JMQU,557483.5
JMQV,557483.5
JMQW,557483.5
JMQX,557483.5
JMQY,557483.5
JMQZ,557483.5
JMRR,557483.5
JMRS,557483.5
JMRT,557483.5
JMRU,557483.5
JMRV,557483.5
JMRW,557483.5
JMRX,557483.5
JMRY,557483.5
JMRZ,557483.5
JMSS,557483.5
JMST,557483.5
JMSU,557483.5
JMSV,557483.5
JMSW,557483.5
JMSX,557483.5
JMSY,557483.5
JMSZ,557483.5
JMTT,557483.5
JMTU,557483.5
JMTV,557483.5
JMTW,557483.5
JMTX,557483.5
JMTY,557483.5
JMTZ,557483.5
JMUU,557483.5
JMUV,557483.5
JMUW,557483.5
JMUX,557483.5
JMUY,557483.5
JMUZ,557483.5
JMVV,557483.5
JMVW,557483.5
JMVX,557483.5
JMVY,557483.5
JMVZ,557483.5
JMWW,557483.5
JMWX,557483.5
JMWY,557483.5
JMWZ,557483.5
JMXX,557483.5
JMXY,557483.5
JMXZ,557483.5
JMYY,557483.5
JMYZ,557483.5
JMZZ,557483.5
JNNN,557483.5
JNNO,557483.5
JNNP,557483.5
JNNQ,557483.5
JNNR,557483.5
JNNS,557483.5
JNNT,557483.5
JNNU,557483.5
JNNV,557483.5
JNNW,557483.5
JNNX,557483.5
JNNY,557483.5
JNNZ,557483.5
JNOO,557483.5
JNOP,557483.5
JNOQ,557483.5
JNOR,557483.5
JNOS,557483.5
JNOT,557483.5
JNOU,557483.5
JNOV,557483.5
JNOW,557483.5
JNOX,557483.5
JNOY,557483.5
JNOZ,557483.5
JNPP,557483.5
JNPQ,557483.5
JNPR,557483.5
JNPS,557483.5
JNPT,557483.5
JNPU,557483.5
JNPV,557483.5
JNPW,557483.5
JNPX,557483.5
JNPY,557483.5
JNPZ,557483.5
JNQQ,557483.5
JNQR,557483.5
JNQS,557483.5
JNQT,557483.5
JNQU,557483.5
JNQV,557483.5
JNQW,557483.5
JNQX,557483.5
JNQY,557483.5
JNQZ,557483.5
JNRR,557483.5
JNRS,557483.5
JNRT,557483.5
JNRU,557483.5
JNRV,557483.5
JNRW,557483.5
JNRX,557483.5
JNRY,557483.5
JNRZ,557483.5
JNSS,557483.5
JNST,557483.5
JNSU,557483.5
JNSV,557483.5
JNSW,557483.5
JNSX,557483.5
JNSY,557483.5
JNSZ,557483.5
JNTT,557483.5
JNTU,557483.5
JNTV,557483.5
JNTW,557483.5
JNTX,557483.5
JNTY,557483.5
JNTZ,557483.5
JNUU,557483.5
JNUV,557483.5
JNUW,557483.5
JNUX,557483.5
JNUY,557483.5
JNUZ,557483.5
JNVV,557483.5
JNVW,557483.5
JNVX,557483.5
JNVY,557483.5
JNVZ,557483.5
JNWW,557483.5
JNWX,557483.5
JNWY,557483.5
JNWZ,557483.5
JNXX,557483.5
JNXY,557483.5
JNXZ,557483.5
JNYY,557483.5
JNYZ,557483.5
JNZZ,557483.5
JOOO,557483.5
JOOP,557483.5
JOOQ,557483.5
JOOR,557483.5
JOOS,557483.5
JOOT,557483.5
JOOU,557483.5
JOOV,557483.5
JOOW,557483.5
JOOX,557483.5
JOOY,557483.5
JOOZ,557483.5
JOPP,557483.5
JOPQ,557483.5
JOPR,557483.5
JOPS,557483.5
JOPT,557483.5
JOPU,557483.5
JOPV,557483.5
JOPW,557483.5
JOPX,557483.5
JOPY,557483.5
JOPZ,557483.5
JOQQ,557483.5
JOQR,557483.5
JOQS,557483.5
JOQT,557483.5
JOQU,557483.5
JOQV,557483.5
JOQW,557483.5
JOQX,557483.5
JOQY,557483.5
JOQZ,557483.5
JORR,557483.5
JORS,557483.5
JORT,557483.5
JORU,557483.5
JORV,557483.5
JORW,557483.5
JORX,557483.5
JORY,557483.5
JORZ,557483.5
JOSS,557483.5
JOST,557483.5
JOSU,557483.5
JOSV,557483.5
JOSW,557483.5
JOSX,557483.5
JOSY,557483.5
JOSZ,557483.5
JOTT,557483.5
JOTU,557483.5
JOTV,557483.5
JOTW,557483.5
JOTX,557483.5
JOTY,557483.5
JOTZ,557483.5
JOUU,557483.5
JOUV,557483.5
JOUW,557483.5
JOUX,557483.5
JOUY,557483.5
JOUZ,557483.5
JOVV,557483.5
JOVW,557483.5
JOVX,557483.5
JOVY,557483.5
JOVZ,557483.5
JOWW,557483.5
JOWX,557483.5
JOWY,557483.5
JOWZ,557483.5
JOXX,557483.5
JOXY,557483.5
JOXZ,557483.5
JOYY,557483.5
JOYZ,557483.5
JOZZ,557483.5
JPPP,557483.5
JPPQ,557483.5
JPPR,557483.5
JPPS,557483.5
JPPT,557483.5
JPPU,557483.5
JPPV,557483.5
JPPW,557483.5
JPPX,557483.5
JPPY,557483.5
JPPZ,557483.5
JPQQ,557483.5
JPQR,557483.5
JPQS,557483.5
JPQT,557483.5
JPQU,557483.5
JPQV,557483.5
JPQW,557483.5
JPQX,557483.5
JPQY,557483.5
JPQZ,557483.5
JPRR,557483.5
JPRS,557483.5
JPRT,557483.5
JPRU,557483.5
JPRV,557483.5
JPRW,557483.5
JPRX,557483.5
JPRY,557483.5
JPRZ,557483.5
JPSS,557483.5
JPST,557483.5
JPSU,557483.5
JPSV,557483.5
JPSW,557483.5
JPSX,557483.5
JPSY,557483.5
JPSZ,557483.5
JPTT,557483.5
JPTU,557483.5
JPTV,557483.5
JPTW,557483.5
JPTX,557483.5
JPTY,557483.5
JPTZ,557483.5
JPUU,557483.5
JPUV,557483.5
JPUW,557483.5
JPUX,557483.5
JPUY,557483.5
JPUZ,557483.5
JPVV,557483.5
JPVW,557483.5
JPVX,557483.5
JPVY,557483.5
JPVZ,557483.5
JPWW,557483.5
JPWX,557483.5
JPWY,557483.5
JPWZ,557483.5
JPXX,557483.5
JPXY,557483.5
JPXZ,557483.5
JPYY,557483.5
JPYZ,557483.5
JPZZ,557483.5
JQQQ,557483.5
JQQR,557483.5
JQQS,557483.5
JQQT,557483.5
JQQU,557483.5
JQQV,557483.5
JQQW,557483.5
JQQX,557483.5
JQQY,557483.5
JQQZ,557483.5
JQRR,557483.5
JQRS,557483.5
JQRT,557483.5
JQRU,557483.5
JQRV,557483.5
JQRW,557483.5
JQRX,557483.5
JQRY,557483.5
JQRZ,557483.5
JQSS,557483.5
JQST,557483.5
JQSU,557483.5
JQSV,557483.5
JQSW,557483.5
JQSX,557483.5
JQSY,557483.5
JQSZ,557483.5
JQTT,557483.5
JQTU,557483.5
JQTV,557483.5
JQTW,557483.5
JQTX,557483.5
JQTY,557483.5
JQTZ,557483.5
JQUU,557483.5
JQUV,557483.5
JQUW,557483.5
JQUX,557483.5
JQUY,557483.5
JQUZ,557483.5
JQVV,557483.5
JQVW,557483.5
JQVX,557483.5
JQVY,557483.5
JQVZ,557483.5
JQWW,557483.5
JQWX,557483.5
JQWY,557483.5
JQWZ,557483.5
JQXX,557483.5
JQXY,557483.5
JQXZ,557483.5
JQYY,557483.5
JQYZ,557483.5
JQZZ,557483.5
JRRR,557483.5
JRRS,557483.5
JRRT,557483.5
JRRU,557483.5
JRRV,557483.5
JRRW,557483.5
JRRX,557483.5
JRRY,557483.5
JRRZ,557483.5
JRSS,557483.5
JRST,557483.5
JRSU,557483.5
JRSV,557483.5
JRSW,557483.5
JRSX,557483.5
JRSY,557483.5
JRSZ,557483.5
JRTT,557483.5
JRTU,557483.5
JRTV,557483.5
JRTW,557483.5
JRTX,557483.5
JRTY,557483.5
JRTZ,557483.5
JRUU,557483.5
JRUV,557483.5
JRUW,557483.5
JRUX,557483.5
JRUY,557483.5
JRUZ,557483.5
JRVV,557483.5
JRVW,557483.5
JRVX,557483.5
JRVY,557483.5
JRVZ,557483.5
JRWW,557483.5
JRWX,557483.5
JRWY,557483.5
JRWZ,557483.5
JRXX,557483.5
JRXY,557483.5
JRXZ,557483.5
JRYY,557483.5
JRYZ,557483.5
JRZZ,557483.5
JSSS,557483.5
JSST,557483.5
JSSU,557483.5
JSSV,557483.5
JSSW,557483.5
JSSX,557483.5
JSSY,557483.5
JSSZ,557483.5
JSTT,557483.5
JSTU,557483.5
JSTV,557483.5
JSTW,557483.5
JSTX,557483.5
JSTY,557483.5
JSTZ,557483.5
JSUU,557483.5
JSUV,557483.5
JSUW,557483.5
JSUX,557483.5
JSUY,557483.5
JSUZ,557483.5
JSVV,557483.5
JSVW,557483.5
JSVX,557483.5
JSVY,557483.5
JSVZ,557483.5
JSWW,557483.5
JSWX,557483.5
JSWY,557483.5
JSWZ,557483.5
JSXX,557483.5
JSXY,557483.5
JSXZ,557483.5
JSYY,557483.5
JSYZ,557483.5
JSZZ,557483.5
JTTT,557483.5
JTTU,557483.5
JTTV,557483.5
JTTW,557483.5
JTTX,557483.5
JTTY,557483.5
JTTZ,557483.5
JTUU,557483.5
JTUV,557483.5
JTUW,557483.5
JTUX,557483.5
JTUY,557483.5
JTUZ,557483.5
JTVV,557483.5
JTVW,557483.5
JTVX,557483.5
JTVY,557483.5
JTVZ,557483.5
JTWW,557483.5
JTWX,557483.5
JTWY,557483.5
JTWZ,557483.5
JTXX,557483.5
JTXY,557483.5
JTXZ,557483.5
JTYY,557483.5
JTYZ,557483.5
JTZZ,557483.5
JUUU,557483.5
JUUV,557483.5
JUUW,557483.5
JUUX,557483.5
JUUY,557483.5
JUUZ,557483.5
JUVV,557483.5
JUVW,557483.5
JUVX,557483.5
JUVY,557483.5
JUVZ,557483.5
JUWW,557483.5
JUWX,557483.5
JUWY,557483.5
JUWZ,557483.5
JUXX,557483.5
JUXY,557483.5
JUXZ,557483.5
JUYY,557483.5
JUYZ,557483.5
JUZZ,557483.5
JVVV,557483.5
JVVW,557483.5
JVVX,557483.5
JVVY,557483.5
JVVZ,557483.5
JVWW,557483.5
JVWX,557483.5
JVWY,557483.5
JVWZ,557483.5
JVXX,557483.5
JVXY,557483.5
JVXZ,557483.5
JVYY,557483.5
JVYZ,557483.5
JVZZ,557483.5
JWWW,557483.5
JWWX,557483.5
JWWY,557483.5
JWWZ,557483.5
JWXX,557483.5
JWXY,557483.5
JWXZ,557483.5
JWYY,557483.5
JWYZ,557483.5
JWZZ,557483.5
JXXX,557483.5
JXXY,557483.5
JXXZ,557483.5
JXYY,557483.5
JXYZ,557483.5
JXZZ,557483.5
JYYY,557483.5
JYYZ,557483.5
JYZZ,557483.5
JZZZ,557483.5
KKKK,557483.5
KKKL,557483.5
KKKM,557483.5
KKKN,557483.5
KKKO,557483.5
KKKP,557483.5
KKKQ,557483.5
KKKR,557483.5
KKKS,557483.5
KKKT,557483.5
KKKU,557483.5
KKKV,557483.5
KKKW,557483.5
KKKX,557483.5
KKKY,557483.5
KKKZ,557483.5
KKLL,557483.5
KKLM,557483.5
KKLN,557483.5
KKLO,557483.5
KKLP,557483.5
KKLQ,557483.5
KKLR,557483.5
KKLS,557483.5
KKLT,557483.5
KKLU,557483.5
KKLV,557483.5
KKLW,557483.5
KKLX,557483.5
KKLY,557483.5
KKLZ,557483.5
KKMM,557483.5
KKMN,557483.5
KKMO,557483.5
KKMP,557483.5
KKMQ,557483.5
KKMR,557483.5
KKMS,557483.5
KKMT,557483.5
KKMU,557483.5
KKMV,557483.5
KKMW,557483.5
KKMX,557483.5
KKMY,557483.5
KKMZ,557483.5
KKNN,557483.5
KKNO,557483.5
KKNP,557483.5
KKNQ,557483.5
KKNR,557483.5
KKNS,557483.5
KKNT,557483.5
KKNU,557483.5
KKNV,557483.5
KKNW,557483.5
KKNX,557483.5
KKNY,557483.5
KKNZ,557483.5
KKOO,557483.5
KKOP,557483.5
KKOQ,557483.5
KKOR,557483.5
KKOS,557483.5
KKOT,557483.5
KKOU,557483.5
KKOV,557483.5
KKOW,557483.5
KKOX,557483.5
KKOY,557483.5
KKOZ,557483.5
KKPP,557483.5
KKPQ,557483.5
KKPR,557483.5
KKPS,557483.5
KKPT,557483.5
KKPU,557483.5
KKPV,557483.5
KKPW,557483.5
KKPX,557483.5
KKPY,557483.5
KKPZ,557483.5
KKQQ,557483.5
KKQR,557483.5
KKQS,557483.5
KKQT,557483.5
KKQU,557483.5
KKQV,557483.5
KKQW,557483.5
KKQX,557483.5
KKQY,557483.5
KKQZ,557483.5
KKRR,557483.5
KKRS,557483.5
KKRT,557483.5
KKRU,557483.5
KKRV,557483.5
KKRW,557483.5
KKRX,557483.5
KKRY,557483.5
KKRZ,557483.5
KKSS,557483.5
KKST,557483.5
KKSU,557483.5
KKSV,557483.5
KKSW,557483.5
KKSX,557483.5
KKSY,557483.5
KKSZ,557483.5
KKTT,557483.5
KKTU,557483.5
KKTV,557483.5
KKTW,557483.5
KKTX,557483.5
KKTY,557483.5
KKTZ,557483.5
KKUU,557483.5
KKUV,557483.5
KKUW,557483.5
KKUX,557483.5
KKUY,557483.5
KKUZ,557483.5
KKVV,557483.5
KKVW,557483.5
KKVX,557483.5
KKVY,557483.5
KKVZ,557483.5
KKWW,557483.5
KKWX,557483.5
KKWY,557483.5
KKWZ,557483.5
KKXX,557483.5
KKXY,557483.5
KKXZ,557483.5
KKYY,557483.5
KKYZ,557483.5
KKZZ,557483.5
KLLL,557483.5
KLLM,557483.5
KLLN,557483.5
KLLO,557483.5
KLLP,557483.5
KLLQ,557483.5
KLLR,557483.5
KLLS,557483.5
KLLT,557483.5
KLLU,557483.5
KLLV,557483.5
KLLW,557483.5
KLLX,557483.5
KLLY,557483.5
KLLZ,557483.5
KLMM,557483.5
KLMN,557483.5
KLMO,557483.5
KLMP,557483.5
KLMQ,557483.5
KLMR,557483.5
KLMS,557483.5
KLMT,557483.5
KLMU,557483.5
KLMV,557483.5
KLMW,557483.5
KLMX,557483.5
KLMY,557483.5
KLMZ,557483.5
KLNN,557483.5
KLNO,557483.5
KLNP,557483.5
KLNQ,557483.5
KLNR,557483.5
KLNS,557483.5
KLNT,557483.5
KLNU,557483.5
KLNV,557483.5
KLNW,557483.5
KLNX,557483.5
KLNY,557483.5
KLNZ,557483.5
KLOO,557483.5
KLOP,557483.5
KLOQ,557483.5
KLOR,557483.5
KLOS,557483.5
KLOT,557483.5
KLOU,557483.5
KLOV,557483.5
KLOW,557483.5
KLOX,557483.5
KLOY,557483.5
KLOZ,557483.5
KLPP,557483.5
KLPQ,557483.5
KLPR,557483.5
KLPS,557483.5
KLPT,557483.5
KLPU,557483.5
KLPV,557483.5
KLPW,557483.5
KLPX,557483.5
KLPY,557483.5
KLPZ,557483.5
KLQQ,557483.5
KLQR,557483.5
KLQS,557483.5
KLQT,557483.5
KLQU,557483.5
KLQV,557483.5
KLQW,557483.5
KLQX,557483.5
KLQY,557483.5
KLQZ,557483.5
KLRR,557483.5
KLRS,557483.5
KLRT,557483.5
KLRU,557483.5
KLRV,557483.5
KLRW,557483.5
KLRX,557483.5
KLRY,557483.5
KLRZ,557483.5
KLSS,557483.5
KLST,557483.5
KLSU,557483.5
KLSV,557483.5
KLSW,557483.5
KLSX,557483.5
KLSY,557483.5
KLSZ,557483.5
KLTT,557483.5
KLTU,557483.5
KLTV,557483.5
KLTW,557483.5
KLTX,557483.5
KLTY,557483.5
KLTZ,557483.5
KLUU,557483.5
KLUV,557483.5
KLUW,557483.5
KLUX,557483.5
KLUY,557483.5
KLUZ,557483.5
KLVV,557483.5
KLVW,557483.5
KLVX,557483.5
KLVY,557483.5
KLVZ,557483.5
KLWW,557483.5
KLWX,557483.5
KLWY,557483.5
KLWZ,557483.5
KLXX,557483.5
KLXY,557483.5
KLXZ,557483.5
KLYY,557483.5
KLYZ,557483.5
KLZZ,557483.5
KMMM,557483.5
KMMN,557483.5
KMMO,557483.5
KMMP,557483.5
KMMQ,557483.5
KMMR,557483.5
KMMS,557483.5
KMMT,557483.5
KMMU,557483.5
KMMV,557483.5
KMMW,557483.5
KMMX,557483.5
KMMY,557483.5
KMMZ,557483.5
KMNN,557483.5
KMNO,557483.5
KMNP,557483.5
KMNQ,557483.5
KMNR,557483.5
KMNS,557483.5
KMNT,557483.5
KMNU,557483.5
KMNV,557483.5
KMNW,557483.5
KMNX,557483.5
KMNY,557483.5
KMNZ,557483.5
KMOO,557483.5
KMOP,557483.5
KMOQ,557483.5
KMOR,557483.5
KMOS,557483.5
KMOT,557483.5
KMOU,557483.5
KMOV,557483.5
KMOW,557483.5
KMOX,557483.5
KMOY,557483.5
KMOZ,557483.5
KMPP,557483.5
KMPQ,557483.5
KMPR,557483.5
KMPS,557483.5
KMPT,557483.5
KMPU,557483.5
KMPV,557483.5
KMPW,557483.5
KMPX,557483.5
KMPY,557483.5
KMPZ,557483.5
KMQQ,557483.5
KMQR,557483.5
KMQS,557483.5
KMQT,557483.5
KMQU,557483.5
KMQV,557483.5
KMQW,557483.5
KMQX,557483.5
KMQY,557483.5
KMQZ,557483.5
KMRR,557483.5
KMRS,557483.5
KMRT,557483.5
KMRU,557483.5
KMRV,557483.5
KMRW,557483.5
KMRX,557483.5
KMRY,557483.5
KMRZ,557483.5
KMSS,557483.5
KMST,557483.5
KMSU,557483.5
KMSV,557483.5
KMSW,557483.5
KMSX,557483.5
KMSY,557483.5
KMSZ,557483.5
KMTT,557483.5
KMTU,557483.5
KMTV,557483.5
KMTW,557483.5
KMTX,557483.5
KMTY,557483.5
KMTZ,557483.5
KMUU,557483.5
KMUV,557483.5
KMUW,557483.5
KMUX,557483.5
KMUY,557483.5
KMUZ,557483.5
KMVV,557483.5
KMVW,557483.5
KMVX,557483.5
KMVY,557483.5
KMVZ,557483.5
KMWW,557483.5
KMWX,557483.5
KMWY,557483.5
KMWZ,557483.5
KMXX,557483.5
KMXY,557483.5
KMXZ,557483.5
KMYY,557483.5
KMYZ,557483.5
KMZZ,557483.5
KNNN,557483.5
KNNO,557483.5
KNNP,557483.5
KNNQ,557483.5
KNNR,557483.5
KNNS,557483.5
KNNT,557483.5
KNNU,557483.5
KNNV,557483.5
KNNW,557483.5
KNNX,557483.5
KNNY,557483.5
KNNZ,557483.5
KNOO,557483.5
KNOP,557483.5
KNOQ,557483.5
KNOR,557483.5
KNOS,557483.5
KNOT,557483.5
KNOU,557483.5
KNOV,557483.5
KNOW,557483.5
KNOX,557483.5
KNOY,557483.5
KNOZ,557483.5
KNPP,557483.5
KNPQ,557483.5
KNPR,557483.5
KNPS,557483.5
KNPT,557483.5
KNPU,557483.5
KNPV,557483.5
KNPW,557483.5
KNPX,557483.5
KNPY,557483.5
KNPZ,557483.5
KNQQ,557483.5
KNQR,557483.5
KNQS,557483.5
KNQT,557483.5
KNQU,557483.5
KNQV,557483.5
KNQW,557483.5
KNQX,557483.5
KNQY,557483.5
KNQZ,557483.5
KNRR,557483.5
KNRS,557483.5
KNRT,557483.5
KNRU,557483.5
KNRV,557483.5
KNRW,557483.5
KNRX,557483.5
KNRY,557483.5
KNRZ,557483.5
KNSS,557483.5
KNST,557483.5
KNSU,557483.5
KNSV,557483.5
KNSW,557483.5
KNSX,557483.5
KNSY,557483.5
KNSZ,557483.5
KNTT,557483.5
KNTU,557483.5
KNTV,557483.5
KNTW,557483.5
KNTX,557483.5
KNTY,557483.5
KNTZ,557483.5
KNUU,557483.5
KNUV,557483.5
KNUW,557483.5
KNUX,557483.5
KNUY,557483.5
KNUZ,557483.5
KNVV,557483.5
KNVW,557483.5
KNVX,557483.5
KNVY,557483.5
KNVZ,557483.5
KNWW,557483.5
KNWX,557483.5
KNWY,557483.5
KNWZ,557483.5
KNXX,557483.5
KNXY,557483.5
KNXZ,557483.5
KNYY,557483.5
KNYZ,557483.5
KNZZ,557483.5
KOOO,557483.5
KOOP,557483.5
KOOQ,557483.5
KOOR,557483.5
KOOS,557483.5
KOOT,557483.5
KOOU,557483.5
KOOV,557483.5
KOOW,557483.5
KOOX,557483.5
KOOY,557483.5
KOOZ,557483.5
KOPP,557483.5
KOPQ,557483.5
KOPR,557483.5
KOPS,557483.5
KOPT,557483.5
KOPU,557483.5
KOPV,557483.5
KOPW,557483.5
KOPX,557483.5
KOPY,557483.5
KOPZ,557483.5
KOQQ,557483.5
KOQR,557483.5
KOQS,557483.5
KOQT,557483.5
KOQU,557483.5
KOQV,557483.5
KOQW,557483.5
KOQX,557483.5
KOQY,557483.5
KOQZ,557483.5
KORR,557483.5
KORS,557483.5
KORT,557483.5
KORU,557483.5
KORV,557483.5
KORW,557483.5
KORX,557483.5
KORY,557483.5
KORZ,557483.5
KOSS,557483.5
KOST,557483.5
KOSU,557483.5
KOSV,557483.5
KOSW,557483.5
KOSX,557483.5
KOSY,557483.5
KOSZ,557483.5
KOTT,557483.5
KOTU,557483.5
KOTV,557483.5
KOTW,557483.5
KOTX,557483.5
KOTY,557483.5
KOTZ,557483.5
KOUU,557483.5
KOUV,557483.5
KOUW,557483.5
KOUX,557483.5
KOUY,557483.5
KOUZ,557483.5
KOVV,557483.5
KOVW,557483.5
KOVX,557483.5
KOVY,557483.5
KOVZ,557483.5
KOWW,557483.5
KOWX,557483.5
KOWY,557483.5
KOWZ,557483.5
KOXX,557483.5
KOXY,557483.5
KOXZ,557483.5
KOYY,557483.5
KOYZ,557483.5
KOZZ,557483.5
KPPP,557483.5
KPPQ,557483.5
KPPR,557483.5
KPPS,557483.5
KPPT,557483.5
KPPU,557483.5
KPPV,557483.5
KPPW,557483.5
KPPX,557483.5
KPPY,557483.5
KPPZ,557483.5
KPQQ,557483.5
KPQR,557483.5
KPQS,557483.5
KPQT,557483.5
KPQU,557483.5
KPQV,557483.5
KPQW,557483.5
KPQX,557483.5
KPQY,557483.5
KPQZ,557483.5
KPRR,557483.5
KPRS,557483.5
KPRT,557483.5
KPRU,557483.5
KPRV,557483.5
KPRW,557483.5
KPRX,557483.5
KPRY,557483.5
KPRZ,557483.5
KPSS,557483.5
KPST,557483.5
KPSU,557483.5
KPSV,557483.5
KPSW,557483.5
KPSX,557483.5
KPSY,557483.5
KPSZ,557483.5
KPTT,557483.5
KPTU,557483.5
KPTV,557483.5
KPTW,557483.5
KPTX,557483.5
KPTY,557483.5
KPTZ,557483.5
KPUU,557483.5
KPUV,557483.5
KPUW,557483.5
KPUX,557483.5
KPUY,557483.5
KPUZ,557483.5
KPVV,557483.5
KPVW,557483.5
KPVX,557483.5
KPVY,557483.5
KPVZ,557483.5
KPWW,557483.5
KPWX,557483.5
KPWY,557483.5
KPWZ,557483.5
KPXX,557483.5
KPXY,557483.5
KPXZ,557483.5
KPYY,557483.5
KPYZ,557483.5
KPZZ,557483.5
KQQQ,557483.5
KQQR,557483.5
KQQS,557483.5
KQQT,557483.5
KQQU,557483.5
KQQV,557483.5
KQQW,557483.5
KQQX,557483.5
KQQY,557483.5
KQQZ,557483.5
KQRR,557483.5
KQRS,557483.5
KQRT,557483.5
KQRU,557483.5
KQRV,557483.5
KQRW,557483.5
KQRX,557483.5
KQRY,557483.5
KQRZ,557483.5
KQSS,557483.5
KQST,557483.5
KQSU,557483.5
KQSV,557483.5
KQSW,557483.5
KQSX,557483.5
KQSY,557483.5
KQSZ,557483.5
KQTT,557483.5
KQTU,557483.5
KQTV,557483.5
KQTW,557483.5
KQTX,557483.5
KQTY,557483.5
KQTZ,557483.5
KQUU,557483.5
KQUV,557483.5
KQUW,557483.5
KQUX,557483.5
KQUY,557483.5
KQUZ,557483.5
KQVV,557483.5
KQVW,557483.5
KQVX,557483.5
KQVY,557483.5
KQVZ,557483.5
KQWW,557483.5
KQWX,557483.5
KQWY,557483.5
KQWZ,557483.5
KQXX,557483.5
KQXY,557483.5
KQXZ,557483.5
KQYY,557483.5
KQYZ,557483.5
KQZZ,557483.5
KRRR,557483.5
KRRS,557483.5
KRRT,557483.5
KRRU,557483.5
KRRV,557483.5
KRRW,557483.5
KRRX,557483.5
KRRY,557483.5
KRRZ,557483.5
KRSS,557483.5
KRST,557483.5
KRSU,557483.5
KRSV,557483.5
KRSW,557483.5
KRSX,557483.5
KRSY,557483.5
KRSZ,557483.5
KRTT,557483.5
KRTU,557483.5
KRTV,557483.5
KRTW,557483.5
KRTX,557483.5
KRTY,557483.5
KRTZ,557483.5
KRUU,557483.5
KRUV,557483.5
KRUW,557483.5
KRUX,557483.5
KRUY,557483.5
KRUZ,557483.5
KRVV,557483.5
KRVW,557483.5
KRVX,557483.5
KRVY,557483.5
KRVZ,557483.5
KRWW,557483.5
KRWX,557483.5
KRWY,557483.5
KRWZ,557483.5
KRXX,557483.5
KRXY,557483.5
KRXZ,557483.5
KRYY,557483.5
KRYZ,557483.5
KRZZ,557483.5
KSSS,557483.5
KSST,557483.5
KSSU,557483.5
KSSV,557483.5
KSSW,557483.5
KSSX,557483.5
KSSY,557483.5
KSSZ,557483.5
KSTT,557483.5
KSTU,557483.5
KSTV,557483.5
KSTW,557483.5
KSTX,557483.5
KSTY,557483.5
KSTZ,557483.5
KSUU,557483.5
KSUV,557483.5
KSUW,557483.5
KSUX,557483.5
KSUY,557483.5
KSUZ,557483.5
KSVV,557483.5
KSVW,557483.5
KSVX,557483.5
KSVY,557483.5
KSVZ,557483.5
KSWW,557483.5
KSWX,557483.5
KSWY,557483.5
KSWZ,557483.5
KSXX,557483.5
KSXY,557483.5
KSXZ,557483.5
KSYY,557483.5
KSYZ,557483.5
KSZZ,557483.5
KTTT,557483.5
KTTU,557483.5
KTTV,557483.5
KTTW,557483.5
KTTX,557483.5
KTTY,557483.5
KTTZ,557483.5
KTUU,557483.5
KTUV,557483.5
KTUW,557483.5
KTUX,557483.5
KTUY,557483.5
KTUZ,557483.5
KTVV,557483.5
KTVW,557483.5
KTVX,557483.5
KTVY,557483.5
KTVZ,557483.5
KTWW,557483.5
KTWX,557483.5
KTWY,557483.5
KTWZ,557483.5
KTXX,557483.5
KTXY,557483.5
KTXZ,557483.5
KTYY,557483.5
KTYZ,557483.5
KTZZ,557483.5
KUUU,557483.5
KUUV,557483.5
KUUW,557483.5
KUUX,557483.5
KUUY,557483.5
KUUZ,557483.5
KUVV,557483.5
KUVW,557483.5
KUVX,557483.5
KUVY,557483.5
KUVZ,557483.5
KUWW,557483.5
KUWX,557483.5
KUWY,557483.5
KUWZ,557483.5
KUXX,557483.5
KUXY,557483.5
KUXZ,557483.5
KUYY,557483.5
KUYZ,557483.5
KUZZ,557483.5
KVVV,557483.5
KVVW,557483.5
KVVX,557483.5
KVVY,557483.5
KVVZ,557483.5
KVWW,557483.5
KVWX,557483.5
KVWY,557483.5
KVWZ,557483.5
KVXX,557483.5
KVXY,557483.5
KVXZ,557483.5
KVYY,557483.5
KVYZ,557483.5
KVZZ,557483.5
KWWW,557483.5
KWWX,557483.5
KWWY,557483.5
KWWZ,557483.5
KWXX,557483.5
KWXY,557483.5
KWXZ,557483.5
KWYY,557483.5
KWYZ,557483.5
KWZZ,557483.5
KXXX,557483.5
KXXY,557483.5
KXXZ,557483.5
KXYY,557483.5
KXYZ,557483.5
KXZZ,557483.5
KYYY,557483.5
KYYZ,557483.5
KYZZ,557483.5
KZZZ,557483.5
LLLL,557483.5
LLLM,557483.5
LLLN,557483.5
LLLO,557483.5
LLLP,557483.5
LLLQ,557483.5
LLLR,557483.5
LLLS,557483.5
LLLT,557483.5
LLLU,557483.5
LLLV,557483.5
LLLW,557483.5
LLLX,557483.5
LLLY,557483.5
LLLZ,557483.5
LLMM,557483.5
LLMN,557483.5
LLMO,557483.5
LLMP,557483.5
LLMQ,557483.5
LLMR,557483.5
LLMS,557483.5
LLMT,557483.5
LLMU,557483.5
LLMV,557483.5
LLMW,557483.5
LLMX,557483.5
LLMY,557483.5
LLMZ,557483.5
LLNN,557483.5
LLNO,557483.5
LLNP,557483.5
LLNQ,557483.5
LLNR,557483.5
LLNS,557483.5
LLNT,557483.5
LLNU,557483.5
LLNV,557483.5
LLNW,557483.5
LLNX,557483.5
LLNY,557483.5
LLNZ,557483.5
LLOO,557483.5
LLOP,557483.5
LLOQ,557483.5
LLOR,557483.5
LLOS,557483.5
LLOT,557483.5
LLOU,557483.5
LLOV,557483.5
LLOW,557483.5
LLOX,557483.5
LLOY,557483.5
LLOZ,557483.5
LLPP,557483.5
LLPQ,557483.5
LLPR,557483.5
LLPS,557483.5
LLPT,557483.5
LLPU,557483.5
LLPV,557483.5
LLPW,557483.5
LLPX,557483.5
LLPY,557483.5
LLPZ,557483.5
LLQQ,557483.5
LLQR,557483.5
LLQS,557483.5
LLQT,557483.5
LLQU,557483.5
LLQV,557483.5
LLQW,557483.5
LLQX,557483.5
LLQY,557483.5
LLQZ,557483.5
LLRR,557483.5
LLRS,557483.5
LLRT,557483.5
LLRU,557483.5
LLRV,557483.5
LLRW,557483.5
LLRX,557483.5
LLRY,557483.5
LLRZ,557483.5
LLSS,557483.5
LLST,557483.5
LLSU,557483.5
LLSV,557483.5
LLSW,557483.5
LLSX,557483.5
LLSY,557483.5
LLSZ,557483.5
LLTT,557483.5
LLTU,557483.5
LLTV,557483.5
LLTW,557483.5
LLTX,557483.5
LLTY,557483.5
LLTZ,557483.5
LLUU,557483.5
LLUV,557483.5
LLUW,557483.5
LLUX,557483.5
LLUY,557483.5
LLUZ,557483.5
LLVV,557483.5
LLVW,557483.5
LLVX,557483.5
LLVY,557483.5
LLVZ,557483.5
LLWW,557483.5
LLWX,557483.5
LLWY,557483.5
LLWZ,557483.5
LLXX,557483.5
LLXY,557483.5
LLXZ,557483.5
LLYY,557483.5
LLYZ,557483.5
LLZZ,557483.5
LMMM,557483.5
LMMN,557483.5
LMMO,557483.5
LMMP,557483.5
LMMQ,557483.5
LMMR,557483.5
LMMS,557483.5
LMMT,557483.5
LMMU,557483.5
LMMV,557483.5
LMMW,557483.5
LMMX,557483.5
LMMY,557483.5
LMMZ,557483.5
LMNN,557483.5
LMNO,557483.5
LMNP,557483.5
LMNQ,557483.5
LMNR,557483.5
LMNS,557483.5
LMNT,557483.5
LMNU,557483.5
LMNV,557483.5
LMNW,557483.5
LMNX,557483.5
LMNY,557483.5
LMNZ,557483.5
LMOO,557483.5
LMOP,557483.5
LMOQ,557483.5
LMOR,557483.5
LMOS,557483.5
LMOT,557483.5
LMOU,557483.5
LMOV,557483.5
LMOW,557483.5
LMOX,557483.5
LMOY,557483.5
LMOZ,557483.5
LMPP,557483.5
LMPQ,557483.5
LMPR,557483.5
LMPS,557483.5
LMPT,557483.5
LMPU,557483.5
LMPV,557483.5
LMPW,557483.5
LMPX,557483.5
LMPY,557483.5
LMPZ,557483.5
LMQQ,557483.5
LMQR,557483.5
LMQS,557483.5
LMQT,557483.5
LMQU,557483.5
LMQV,557483.5
LMQW,557483.5
LMQX,557483.5
LMQY,557483.5
LMQZ,557483.5
LMRR,557483.5
LMRS,557483.5
LMRT,557483.5
LMRU,557483.5
LMRV,557483.5
LMRW,557483.5
LMRX,557483.5
LMRY,557483.5
LMRZ,557483.5
LMSS,557483.5
LMST,557483.5
LMSU,557483.5
LMSV,557483.5
LMSW,557483.5
LMSX,557483.5
LMSY,557483.5
LMSZ,557483.5
LMTT,557483.5
LMTU,557483.5
LMTV,557483.5
LMTW,557483.5
LMTX,557483.5
LMTY,557483.5
LMTZ,557483.5
LMUU,557483.5
LMUV,557483.5
LMUW,557483.5
LMUX,557483.5
LMUY,557483.5
LMUZ,557483.5
LMVV,557483.5
LMVW,557483.5
LMVX,557483.5
LMVY,557483.5
LMVZ,557483.5
LMWW,557483.5
LMWX,557483.5
LMWY,557483.5
LMWZ,557483.5
LMXX,557483.5
LMXY,557483.5
LMXZ,557483.5
LMYY,557483.5
LMYZ,557483.5
LMZZ,557483.5
LNNN,557483.5
LNNO,557483.5
LNNP,557483.5
LNNQ,557483.5
LNNR,557483.5
LNNS,557483.5
LNNT,557483.5
LNNU,557483.5
LNNV,557483.5
LNNW,557483.5
LNNX,557483.5
LNNY,557483.5
LNNZ,557483.5
LNOO,557483.5
LNOP,557483.5
LNOQ,557483.5
LNOR,557483.5
LNOS,557483.5
LNOT,557483.5
LNOU,557483.5
LNOV,557483.5
LNOW,557483.5
LNOX,557483.5
LNOY,557483.5
LNOZ,557483.5
LNPP,557483.5
LNPQ,557483.5
LNPR,557483.5
LNPS,557483.5
LNPT,557483.5
LNPU,557483.5
LNPV,557483.5
LNPW,557483.5
LNPX,557483.5
LNPY,557483.5
LNPZ,557483.5
LNQQ,557483.5
LNQR,557483.5
LNQS,557483.5
LNQT,557483.5
LNQU,557483.5
LNQV,557483.5
LNQW,557483.5
LNQX,557483.5
LNQY,557483.5
LNQZ,557483.5
LNRR,557483.5
LNRS,557483.5
LNRT,557483.5
LNRU,557483.5
LNRV,557483.5
LNRW,557483.5
LNRX,557483.5
LNRY,557483.5
LNRZ,557483.5
LNSS,557483.5
LNST,557483.5
LNSU,557483.5
LNSV,557483.5
LNSW,557483.5
LNSX,557483.5
LNSY,557483.5
LNSZ,557483.5
LNTT,557483.5
LNTU,557483.5
LNTV,557483.5
LNTW,557483.5
LNTX,557483.5
LNTY,557483.5
LNTZ,557483.5
LNUU,557483.5
LNUV,557483.5
LNUW,557483.5
LNUX,557483.5
LNUY,557483.5
LNUZ,557483.5
LNVV,557483.5
LNVW,557483.5
LNVX,557483.5
LNVY,557483.5
LNVZ,557483.5
LNWW,557483.5
LNWX,557483.5
LNWY,557483.5
LNWZ,557483.5
LNXX,557483.5
LNXY,557483.5
LNXZ,557483.5
LNYY,557483.5
LNYZ,557483.5
LNZZ,557483.5
LOOO,557483.5
LOOP,557483.5
LOOQ,557483.5
LOOR,557483.5
LOOS,557483.5
LOOT,557483.5
LOOU,557483.5
LOOV,557483.5
LOOW,557483.5
LOOX,557483.5
LOOY,557483.5
LOOZ,557483.5
LOPP,557483.5
LOPQ,557483.5
LOPR,557483.5
LOPS,557483.5
LOPT,557483.5
LOPU,557483.5
LOPV,557483.5
LOPW,557483.5
LOPX,557483.5
LOPY,557483.5
LOPZ,557483.5
LOQQ,557483.5
LOQR,557483.5
LOQS,557483.5
LOQT,557483.5
LOQU,557483.5
LOQV,557483.5
LOQW,557483.5
LOQX,557483.5
LOQY,557483.5
LOQZ,557483.5
LORR,557483.5
LORS,557483.5
LORT,557483.5
LORU,557483.5
LORV,557483.5
LORW,557483.5
LORX,557483.5
LORY,557483.5
LORZ,557483.5
LOSS,557483.5
LOST,557483.5
LOSU,557483.5
LOSV,557483.5
LOSW,557483.5
LOSX,557483.5
LOSY,557483.5
LOSZ,557483.5
LOTT,557483.5
LOTU,557483.5
LOTV,557483.5
LOTW,557483.5
LOTX,557483.5
LOTY,557483.5
LOTZ,557483.5
LOUU,557483.5
LOUV,557483.5
LOUW,557483.5
LOUX,557483.5
LOUY,557483.5
LOUZ,557483.5
LOVV,557483.5
LOVW,557483.5
LOVX,557483.5
LOVY,557483.5
LOVZ,557483.5
LOWW,557483.5
LOWX,557483.5
LOWY,557483.5
LOWZ,557483.5
LOXX,557483.5
LOXY,557483.5
LOXZ,557483.5
LOYY,557483.5
LOYZ,557483.5
LOZZ,557483.5
LPPP,557483.5
LPPQ,557483.5
LPPR,557483.5
LPPS,557483.5
LPPT,557483.5
LPPU,557483.5
LPPV,557483.5
LPPW,557483.5
LPPX,557483.5
LPPY,557483.5
LPPZ,557483.5
LPQQ,557483.5
LPQR,557483.5
LPQS,557483.5
LPQT,557483.5
LPQU,557483.5
LPQV,557483.5
LPQW,557483.5
LPQX,557483.5
LPQY,557483.5
LPQZ,557483.5
LPRR,557483.5
LPRS,557483.5
LPRT,557483.5
LPRU,557483.5
LPRV,557483.5
LPRW,557483.5
LPRX,557483.5
LPRY,557483.5
LPRZ,557483.5
LPSS,557483.5
LPST,557483.5
LPSU,557483.5
LPSV,557483.5
LPSW,557483.5
LPSX,557483.5
LPSY,557483.5
LPSZ,557483.5
LPTT,557483.5
LPTU,557483.5
LPTV,557483.5
LPTW,557483.5
LPTX,557483.5
LPTY,557483.5
LPTZ,557483.5
LPUU,557483.5
LPUV,557483.5
LPUW,557483.5
LPUX,557483.5
LPUY,557483.5
LPUZ,557483.5
LPVV,557483.5
LPVW,557483.5
LPVX,557483.5
LPVY,557483.5
LPVZ,557483.5
LPWW,557483.5
LPWX,557483.5
LPWY,557483.5
LPWZ,557483.5
LPXX,557483.5
LPXY,557483.5
LPXZ,557483.5
LPYY,557483.5
LPYZ,557483.5
LPZZ,557483.5
LQQQ,557483.5
LQQR,557483.5
LQQS,557483.5
LQQT,557483.5
LQQU,557483.5
LQQV,557483.5
LQQW,557483.5
LQQX,557483.5
LQQY,557483.5
LQQZ,557483.5
LQRR,557483.5
LQRS,557483.5
LQRT,557483.5
LQRU,557483.5
LQRV,557483.5
LQRW,557483.5
LQRX,557483.5
LQRY,557483.5
LQRZ,557483.5
LQSS,557483.5
LQST,557483.5
LQSU,557483.5
LQSV,557483.5
LQSW,557483.5
LQSX,557483.5
LQSY,557483.5
LQSZ,557483.5
LQTT,557483.5
LQTU,557483.5
LQTV,557483.5
LQTW,557483.5
LQTX,557483.5
LQTY,557483.5
LQTZ,557483.5
LQUU,557483.5
LQUV,557483.5
LQUW,557483.5
LQUX,557483.5
LQUY,557483.5
LQUZ,557483.5
LQVV,557483.5
LQVW,557483.5
LQVX,557483.5
LQVY,557483.5
LQVZ,557483.5
LQWW,557483.5
LQWX,557483.5
LQWY,557483.5
LQWZ,557483.5
LQXX,557483.5
LQXY,557483.5
LQXZ,557483.5
LQYY,557483.5
LQYZ,557483.5
LQZZ,557483.5
LRRR,557483.5
LRRS,557483.5
LRRT,557483.5
LRRU,557483.5
LRRV,557483.5
LRRW,557483.5
LRRX,557483.5
LRRY,557483.5
LRRZ,557483.5
LRSS,557483.5
LRST,557483.5
LRSU,557483.5
LRSV,557483.5
LRSW,557483.5
LRSX,557483.5
LRSY,557483.5
LRSZ,557483.5
LRTT,557483.5
LRTU,557483.5
LRTV,557483.5
LRTW,557483.5
LRTX,557483.5
LRTY,557483.5
LRTZ,557483.5
LRUU,557483.5
LRUV,557483.5
LRUW,557483.5
LRUX,557483.5
LRUY,557483.5
LRUZ,557483.5
LRVV,557483.5
LRVW,557483.5
LRVX,557483.5
LRVY,557483.5
LRVZ,557483.5
LRWW,557483.5
LRWX,557483.5
LRWY,557483.5
LRWZ,557483.5
LRXX,557483.5
LRXY,557483.5
LRXZ,557483.5
LRYY,557483.5
LRYZ,557483.5
LRZZ,557483.5
LSSS,557483.5
LSST,557483.5
LSSU,557483.5
LSSV,557483.5
LSSW,557483.5
LSSX,557483.5
LSSY,557483.5
LSSZ,557483.5
LSTT,557483.5
LSTU,557483.5
LSTV,557483.5
LSTW,557483.5
LSTX,557483.5
LSTY,557483.5
LSTZ,557483.5
LSUU,557483.5
LSUV,557483.5
LSUW,557483.5
LSUX,557483.5
LSUY,557483.5
LSUZ,557483.5
LSVV,557483.5
LSVW,557483.5
LSVX,557483.5
LSVY,557483.5
LSVZ,557483.5
LSWW,557483.5
LSWX,557483.5
LSWY,557483.5
LSWZ,557483.5
LSXX,557483.5
LSXY,557483.5
LSXZ,557483.5
LSYY,557483.5
LSYZ,557483.5
LSZZ,557483.5
LTTT,557483.5
LTTU,557483.5
LTTV,557483.5
LTTW,557483.5
LTTX,557483.5
LTTY,557483.5
LTTZ,557483.5
LTUU,557483.5
LTUV,557483.5
LTUW,557483.5
LTUX,557483.5
LTUY,557483.5
LTUZ,557483.5
LTVV,557483.5
LTVW,557483.5
LTVX,557483.5
LTVY,557483.5
LTVZ,557483.5
LTWW,557483.5
LTWX,557483.5
LTWY,557483.5
LTWZ,557483.5
LTXX,557483.5
LTXY,557483.5
LTXZ,557483.5
LTYY,557483.5
LTYZ,557483.5
LTZZ,557483.5
LUUU,557483.5
LUUV,557483.5
LUUW,557483.5
LUUX,557483.5
LUUY,557483.5
LUUZ,557483.5
LUVV,557483.5
LUVW,557483.5
LUVX,557483.5
LUVY,557483.5
LUVZ,557483.5
LUWW,557483.5
LUWX,557483.5
LUWY,557483.5
LUWZ,557483.5
LUXX,557483.5
LUXY,557483.5
LUXZ,557483.5
LUYY,557483.5
LUYZ,557483.5
LUZZ,557483.5
LVVV,557483.5
LVVW,557483.5
LVVX,557483.5
LVVY,557483.5
LVVZ,557483.5
LVWW,557483.5
LVWX,557483.5
LVWY,557483.5
LVWZ,557483.5
LVXX,557483.5
LVXY,557483.5
LVXZ,557483.5
LVYY,557483.5
LVYZ,557483.5
LVZZ,557483.5
LWWW,557483.5
LWWX,557483.5
LWWY,557483.5
LWWZ,557483.5
LWXX,557483.5
LWXY,557483.5
LWXZ,557483.5
LWYY,557483.5
LWYZ,557483.5
LWZZ,557483.5
LXXX,557483.5
LXXY,557483.5
LXXZ,557483.5
LXYY,557483.5
LXYZ,557483.5
LXZZ,557483.5
LYYY,557483.5
LYYZ,557483.5
LYZZ,557483.5
LZZZ,557483.5
MMMM,557483.5
MMMN,557483.5
MMMO,557483.5
MMMP,557483.5
MMMQ,557483.5
MMMR,557483.5
MMMS,557483.5
MMMT,557483.5
MMMU,557483.5
MMMV,557483.5
MMMW,557483.5
MMMX,557483.5
MMMY,557483.5
MMMZ,557483.5
MMNN,557483.5
MMNO,557483.5
MMNP,557483.5
MMNQ,557483.5
MMNR,557483.5
MMNS,557483.5
MMNT,557483.5
MMNU,557483.5
MMNV,557483.5
MMNW,557483.5
MMNX,557483.5
MMNY,557483.5
MMNZ,557483.5
MMOO,557483.5
MMOP,557483.5
MMOQ,557483.5
MMOR,557483.5
MMOS,557483.5
MMOT,557483.5
MMOU,557483.5
MMOV,557483.5
MMOW,557483.5
MMOX,557483.5
MMOY,557483.5
MMOZ,557483.5
MMPP,557483.5
MMPQ,557483.5
MMPR,557483.5
MMPS,557483.5
MMPT,557483.5
MMPU,557483.5
MMPV,557483.5
MMPW,557483.5
MMPX,557483.5
MMPY,557483.5
MMPZ,557483.5
MMQQ,557483.5
MMQR,557483.5
MMQS,557483.5
MMQT,557483.5
MMQU,557483.5
MMQV,557483.5
MMQW,557483.5
MMQX,557483.5
MMQY,557483.5
MMQZ,557483.5
MMRR,557483.5
MMRS,557483.5
MMRT,557483.5
MMRU,557483.5
MMRV,557483.5
MMRW,557483.5
MMRX,557483.5
MMRY,557483.5
MMRZ,557483.5
MMSS,557483.5
MMST,557483.5
MMSU,557483.5
MMSV,557483.5
MMSW,557483.5
MMSX,557483.5
MMSY,557483.5
MMSZ,557483.5
MMTT,557483.5
MMTU,557483.5
MMTV,557483.5
MMTW,557483.5
MMTX,557483.5
MMTY,557483.5
MMTZ,557483.5
MMUU,557483.5
MMUV,557483.5
MMUW,557483.5
MMUX,557483.5
MMUY,557483.5
MMUZ,557483.5
MMVV,557483.5
MMVW,557483.5
MMVX,557483.5
MMVY,557483.5
MMVZ,557483.5
MMWW,557483.5
MMWX,557483.5
MMWY,557483.5
MMWZ,557483.5
MMXX,557483.5
MMXY,557483.5
MMXZ,557483.5
MMYY,557483.5
MMYZ,557483.5
MMZZ,557483.5
MNNN,557483.5
MNNO,557483.5
MNNP,557483.5
MNNQ,557483.5
MNNR,557483.5
MNNS,557483.5
MNNT,557483.5
MNNU,557483.5
MNNV,557483.5
MNNW,557483.5
MNNX,557483.5
MNNY,557483.5
MNNZ,557483.5
MNOO,557483.5
MNOP,557483.5
MNOQ,557483.5
MNOR,557483.5
MNOS,557483.5
MNOT,557483.5
MNOU,557483.5
MNOV,557483.5
MNOW,557483.5
MNOX,557483.5
MNOY,557483.5
MNOZ,557483.5
MNPP,557483.5
MNPQ,557483.5
MNPR,557483.5
MNPS,557483.5
MNPT,557483.5
MNPU,557483.5
MNPV,557483.5
MNPW,557483.5
MNPX,557483.5
MNPY,557483.5
MNPZ,557483.5
MNQQ,557483.5
MNQR,557483.5
MNQS,557483.5
MNQT,557483.5
MNQU,557483.5
MNQV,557483.5
MNQW,557483.5
MNQX,557483.5
MNQY,557483.5
MNQZ,557483.5
MNRR,557483.5
MNRS,557483.5
MNRT,557483.5
MNRU,557483.5
MNRV,557483.5
MNRW,557483.5
MNRX,557483.5
MNRY,557483.5
MNRZ,557483.5
MNSS,557483.5
MNST,557483.5
MNSU,557483.5
MNSV,557483.5
MNSW,557483.5
MNSX,557483.5
MNSY,557483.5
MNSZ,557483.5
MNTT,557483.5
MNTU,557483.5
MNTV,557483.5
MNTW,557483.5
MNTX,557483.5
MNTY,557483.5
MNTZ,557483.5
MNUU,557483.5
MNUV,557483.5
MNUW,557483.5
MNUX,557483.5
MNUY,557483.5
MNUZ,557483.5
MNVV,557483.5
MNVW,557483.5
MNVX,557483.5
MNVY,557483.5
MNVZ,557483.5
MNWW,557483.5
MNWX,557483.5
MNWY,557483.5
MNWZ,557483.5
MNXX,557483.5
MNXY,557483.5
MNXZ,557483.5
MNYY,557483.5
MNYZ,557483.5
MNZZ,557483.5
MOOO,557483.5
MOOP,557483.5
MOOQ,557483.5
MOOR,557483.5
MOOS,557483.5
MOOT,557483.5
MOOU,557483.5
MOOV,557483.5
MOOW,557483.5
MOOX,557483.5
MOOY,557483.5
MOOZ,557483.5
MOPP,557483.5
MOPQ,557483.5
MOPR,557483.5
MOPS,557483.5
MOPT,557483.5
MOPU,557483.5
MOPV,557483.5
MOPW,557483.5
MOPX,557483.5
MOPY,557483.5
MOPZ,557483.5
MOQQ,557483.5
MOQR,557483.5
MOQS,557483.5
MOQT,557483.5
MOQU,557483.5
MOQV,557483.5
MOQW,557483.5
MOQX,557483.5
MOQY,557483.5
MOQZ,557483.5
MORR,557483.5
MORS,557483.5
MORT,557483.5
MORU,557483.5
MORV,557483.5
MORW,557483.5
MORX,557483.5
MORY,557483.5
MORZ,557483.5
MOSS,557483.5
MOST,557483.5
MOSU,557483.5
MOSV,557483.5
